subject	phase	exponent_grad	theta_band_power_grad	alpha_band_power_grad	alpha_peak_freq_grad	beta_band_power_grad	beta_peak_freq_grad
CC120049	p2	1.1544798014174198	0.4144503879474754	1.3014587837615796	9.96518584334052	0.4748641856146538	19.65176887485528
CC120065	p2	0.8440318089131087	0.1567761502496403	0.8371080510281927	10.848573640285162	0.4483098406877214	18.480691314848936
CC120218	p2	0.553730495899152	0.1376849850441828	0.6549291298056276	10.609464250847406	0.2875431247458263	22.502323307489394
CC120470	p2	1.5024194383026992	0.3876494569452834	0.5252409103073583	9.230969308534467	0.2231378988790937	17.55357305912196
CC120640	p2	0.9055737028100588	0.149004168115822	0.62283428034774	10.204911890966148	0.3454258202219451	20.882925434455817
CC120795	p2	1.0843638564134586	0.3876623542237314	1.05209785309133	9.762915524358252	0.4654369296341291	23.153212753000812
CC121428	p2	0.9335404033059757	0.1581136404988979	0.7703481285592793	11.02656594825634	0.4252116992362537	19.61984585064314
CC210023	p2	0.7286183184741932	0.1571098588501253	0.3437192788740871	11.1507836749548	0.4442557739641961	23.536593305042427
CC210088	p2	1.2250966166763042	0.2743683906609219	0.6170771328252269	9.843649116500105	0.4118687578462177	18.608863913417373
CC220107	p2	0.828036457236599	0.5821760964925997	0.9252120755878962	9.164810016671968	0.281484902921225	17.27651703043531
CC220335	p2	1.0910336146595618	0.3191554685715665	0.8627454860568868	9.921231302929309	0.434661102643266	16.917042164135825
CC220419	p2	1.0539374513928867	0.2691990334375668	0.7699781228880836	10.130196213813054	0.4329019147761399	19.870441094458894
CC220518	p2	0.7670216944739007	0.2150394934368191	0.9143198119092888	11.305821175177092	0.5722022544213898	17.066611955738598
CC220519	p2	0.8483260698088351	0.2461701414474637	1.1683252892371088	10.380055259068373	0.4509075473339662	20.361176621785606
CC220828	p2	0.884902952169975	0.1709885718271456	0.4211383056645548	10.94276258209822	0.5546646168352246	17.44585206362597
CC220974	p2	0.6967334497540782	0.1724780464170472	0.9702477911220247	10.7632888452103	0.5671773567311083	19.66058611872579
CC221002	p2	0.8723429477184071	0.4128380334183203	1.5160682647852437	9.60177475284177	0.7121553334641971	19.140378485052963
CC221487	p2	0.7580776725271409	0.1624574254757086	0.1898007827741325	10.882956970423791	0.2375816076375314	21.430420396239764
CC221585	p2	0.98598044462879	0.2174587517594504	0.9164781167102418	10.141644032725305	0.4650053962201593	14.750272733338525
CC221977	p2	1.04618831756366	0.3137884570765561	0.664267075326298	10.517842736429172	0.4971478030023435	16.536018568889837
CC222258	p2	0.9430142269318073	0.3405012023982336	0.822817775335911	8.495801103137005	0.3876350405292756	18.617923421300784
CC222264	p2	0.8416316478681497	0.249679475127739	0.8248750416758996	10.683304777010534	0.3705612567404448	20.99939271664255
CC222496	p2	0.9854860313740708	0.2203938382862282	1.3083953258630414	9.61220399709002	0.3573771123641507	20.03267283408594
CC222652	p2	0.9466294173115728	0.1924309217265814	0.9896792507006584	10.900134486404474	0.4767367462206688	17.489758054779205
CC223286	p2	0.8473288914984137	0.3346959120136402	0.7928793296534818	9.936735179518228	0.5484226318190113	18.450770563270964
CC310051	p2	0.7315715077357703	0.4476309799599163	1.0876892075648534	9.03429811353278	0.7888485058107042	18.613095497484483
CC310086	p2	0.8574312986291847	0.1527024386287275	0.5133230645041847	10.375695682296987	0.5205994287494907	16.846070679913243
CC310203	p2	0.9208652025192712	0.1200368408602349	0.5757685943864909	10.222015377477211	0.2465770260343736	21.12962909820581
CC310407	p2	0.8808748834777115	0.1314720778850118	0.324035497262909	9.796517742927778	0.5464893014792702	22.60789157884139
CC310410	p2	0.9366008826598152	0.4021956549598762	0.7924004456614498	8.842547246585427	0.4710756762340868	18.659707910358662
CC310414	p2	0.8004954400450492	0.1389244515500977	0.2671923881046673	10.170871536924356	0.2494343411894456	21.8607008774092
CC310463	p2	0.9402961681802592	0.4032991911342784	0.8056619370668814	9.154663124092334	0.4517834369064959	19.6225728635933
CC310473	p2	0.8508505932845383	0.2963649878011631	0.9024428292835192	9.676262072340943	0.4347283171457004	20.066773163231893
CC312058	p2	0.924023584546478	0.2757766691803277	1.0822186683374435	9.78904380065915	0.4647230573204719	18.21653072285484
CC320022	p2	0.7213964992932209	0.2523334558198025	0.3179257488914361	9.777359756994905	0.28758160241776	21.003140013323844
CC320206	p2	0.8451060377772313	0.135699724652012	0.3080749163218889	9.948685375297057	0.4719380651601528	20.39617388452164
CC320218	p2	0.8193011736621352	0.3256423595948943	0.7788672233477294	10.007816440706184	0.4722034561832407	18.371552652672268
CC320321	p2	0.8942186733572465	0.2542708211388558	0.6521580528666365	8.951560405295247	0.4128653688577335	17.603268184879646
CC320342	p2	0.8630420864082327	0.4320181389565351	0.5840442054792478	10.177990453717143	0.3762670970266071	20.01584052800121
CC320359	p2	0.8046837583794851	0.253847862540776	0.7393885143193794	9.519158380990952	0.5888419524167016	19.49690919145195
CC320500	p2	0.8244160968610743	0.1157774617223034	0.3762110024985823	9.89895767858254	0.43269266875208	19.92001094110639
CC320616	p2	0.8939692537054499	0.2452551293286166	0.6805909520872117	10.372212677425413	0.7799491741036633	18.579484839509288
CC320621	p2	0.7763704989187923	0.3761326568685788	1.1406514282177986	9.573478885233982	0.4289974346821685	20.236616747799008
CC320636	p2	1.3104977534975335	0.3464969157059043	0.8948423371577918	8.517369337978318	0.4103255242569589	22.715182326355315
CC320687	p2	0.9366855919539684	1.0167632158200008	1.047496127111502	9.210583500629296	0.4490283731855889	17.866694158533907
CC320888	p2	0.7811412067794512	0.2100282907835395	0.3825578473517045	10.4325665013939	0.5460996377368789	17.531737381011858
CC321137	p2	0.7642986527594796	0.2859481780727281	0.6723223016880326	8.921926906011443	0.4268787021899885	25.43012388616251
CC321428	p2	1.0574835375025178	0.1630611626257568	0.242526753185745	10.12873173017244	0.2111531184807649	20.965000482180677
CC321544	p2	0.8343596891552773	0.3328990321821161	1.2046579101833828	10.18081938289494	0.6308445575423752	15.98443456344804
CC410091	p2	0.8622610978801176	0.3033890606884503	0.5218804868295911	10.333904959703194	0.71882592203369	18.692560305205216
CC410101	p2	0.9504912427287356	0.3106589421885364	1.0707599089570337	9.29258592029029	0.5885644170774291	17.123197296746493
CC410113	p2	1.1357740154150966	0.50894664810317	1.0223723012993688	8.98592389099391	0.6380067667548427	15.461108654902374
CC410129	p2	0.8877564876396528	0.1740775931246204	0.2104096892559514	10.737898866602473	0.2082303903851131	21.924829994085112
CC410177	p2	0.8559966690113093	0.58176228278241	1.3585028360742315	9.35326829508699	0.5931050921212283	19.138344143482826
CC410179	p2	0.8682631862077687	0.814266823817377	1.480017885663663	9.698332542813905	0.6983096509785494	19.87006367972258
CC410182	p2	0.6791883361783746	0.095911216445617	0.3377345726772092	11.00818408201438	0.4616796927632839	19.08578988647568
CC410243	p2	0.9039452300944236	0.1821150632455847	0.4100199655468759	10.218865950788716	0.5760959050788304	16.74666870073008
CC410297	p2	0.984644579178943	0.2499647644613969	0.9483197689563144	8.583220746098435	0.6524961211460529	17.3217668284512
CC410325	p2	0.783538634782467	0.119527659635681	0.4314775455424105	10.079934987810216	0.2938331808538005	24.489597842654053
CC410354	p2	0.8823616945959959	0.1883206317129933	0.6359806760770158	10.090715860010828	0.4327130062853211	21.656697690306174
CC410390	p2	0.8696906120476728	0.2942848766873176	0.901743828421668	10.251393016139566	0.3697644991709576	21.536041338557123
CC420004	p2	0.8240164554295811	0.2671978645256347	0.80265474095696	10.159194371843242	0.4037369238963597	18.34578422401336
CC420075	p2	0.7011763874326775	0.2514192804347742	0.6882043776404413	9.719565487033307	0.6727180629797895	18.678729115251414
CC420094	p2	0.7693157686718538	0.1317285680670774	0.2827833092044616	9.983315301069544	0.2453580801344783	21.97503162177426
CC420149	p2	1.1644464700614063	0.6193646247992309	0.5090191085671569	9.326569160621087	0.3967436910588954	17.18901720570586
CC420157	p2	0.7962373788352213	0.7123053308318423	0.660090335604781	9.301359416294789	0.4133453408328835	19.2286874719606
CC420173	p2	0.9715446377387292	0.2519738874704675	0.7988483338942712	10.275874190416886	0.4342511399650216	21.006296362851614
CC420198	p2	1.154489556685595	0.2731405436481252	0.777071029508695	9.860437804859645	0.6596426359679021	15.448702782534744
CC420202	p2	0.7110937018248156	0.1894702737283767	0.2784393920260877	10.453370195337872	0.5612762612079152	22.37038242149486
CC420204	p2	0.8590423532477985	0.5043532223336111	0.8991484273740692	9.329868610074382	0.6110119743772652	18.46643857302815
CC420231	p2	1.125403729369887	0.3797807317827431	0.8833778912237485	9.14488309595198	0.6718428889164184	14.657531421177932
CC420241	p2	1.016732531495889	0.3368237882884776	0.8962546443892065	9.805729985032803	0.5244752041537344	20.463590650410037
CC420259	p2	0.8547348432119521	0.2160139630854972	0.8427097983110271	9.008618245069126	0.2871568215349575	19.640108816399238
CC420286	p2	0.792459089656919	0.3952347838195506	1.1522485174120085	8.768972432836504	0.5626970316225476	18.31881739331804
CC420348	p2	0.7669572645948305	0.1828848662227748	0.7150364170414795	9.603666268786784	0.4483088945336003	22.085969040800013
CC420392	p2	0.938485108622686	0.288757383237089	0.9750354663026412	10.068563318210426	0.5038130229935354	16.07352909844471
CC420396	p2	0.8581434597489376	0.566477123288903	1.4984079669168011	9.272517588358614	0.5657751027723327	20.165275786492625
CC420433	p2	0.9731241619917882	0.5150591706435058	1.1966600721709082	8.307764189841311	0.5096050398759014	20.19988724562252
CC420589	p2	0.8782645449043261	0.4082963945967526	1.1294996540764748	10.17693030060441	0.4187919499124382	16.42000158396853
CC510237	p2	1.2304680900180218	0.3954841668906347	1.0655278713677565	8.810300979921285	0.5121746032978322	16.100369120683414
CC510256	p2	1.1578090995787886	0.2603549783248515	0.6601387622627897	8.579643680432444	0.3136240291657442	19.063254437221875
CC510329	p2	0.9004757151485311	0.6353236979528047	1.2802148650114695	9.099062428149647	0.4603754613683298	17.9835855390669
CC510392	p2	1.006119926793119	0.5542872447687599	0.658443649767896	9.714107434495425	0.4795776990428709	15.213206742341134
CC510433	p2	0.8068412266292498	0.3464796892938488	0.4584410149241418	8.938301878691595	0.4569746078508679	21.7995869456368
CC510438	p2	0.763253683661877	0.6493904810271129	0.7971356364776152	8.853638451605542	0.5830147676243119	16.359799151115997
CC510548	p2	0.8283604729740827	0.1634605187947886	0.3112526170708902	8.829412940978843	0.2843252474656536	19.1871182757953
CC510609	p2	0.6105412081972763	0.4680536211412758	0.7545777350656652	9.885106999214091	0.8746553547476026	15.427819036323765
CC510639	p2	0.7031863196608475	0.2454655919783014	0.7409580735017459	9.764427302406489	0.5844177953796011	22.33165668069779
CC510648	p2	0.938408808332066	0.7366412795826157	1.2593836272590933	9.008272562391891	0.5101776604948356	16.66761143253623
CC512003	p2	1.067099368657982	0.4284249809774547	0.8986907700774701	9.206703169894103	0.5250184791296172	18.697598082489648
CC520055	p2	0.7804118315699305	0.3662714883713499	1.0980642745342544	9.628729033085438	0.6447068552305265	17.672724957144148
CC520065	p2	0.7403766826150323	0.4670435870603347	0.5599291523243646	9.354566221681525	0.7706375520602842	18.31275955183549
CC520076	p2	0.8386607613975081	0.3162603451962281	0.8162152528298999	8.737533912798044	0.5148154003611746	15.298145917260644
CC520134	p2	0.866251851021456	0.6392078508566215	0.7682932481990649	9.78178508495892	0.603703161540558	16.737828312916935
CC520136	p2	0.8920241547770604	0.3862805842409364	1.009023255345233	9.317184397939608	0.4388498123637815	18.62504830854751
CC520175	p2	1.1336059154413132	0.4693946099667581	0.418019340804958	9.110936667149542	0.4610274381294762	19.854003263899504
CC520209	p2	0.6504847087066834	0.1219877703635998	0.3137034276779917	10.473281717610323	0.4527510477918344	23.126036665058937
CC520254	p2	0.6885583670548571	0.1463205035422214	0.3947905871769129	10.04383037030632	0.5314038340193791	19.79009586273168
CC520390	p2	0.7447855468886146	0.0792499884476142	0.4237377873030017	10.419055204741769	0.4559646527578694	22.441456161456617
CC520477	p2	0.8063163427724525	0.6193137030224294	1.0605752165113602	10.120345976916376	0.5877335021681434	19.406265939685827
CC520480	p2	0.5024725837285593	0.244919789231878	0.7985079983955727	9.975621692942331	0.5403369308413895	19.90051531483629
CC520517	p2	0.8522926223955756	0.1801353739804754	0.6403792282793379	9.18867200605222	0.3657936493340537	19.526121452667223
CC520542	p2	0.7883506370685492	0.3638235052448413	1.2037957665135892	9.610821303790772	0.4637860050626669	20.144137792585333
CC520562	p2	0.8216274393963456	0.308665942174449	1.0583773328993915	9.161743187258836	0.4255260755534159	18.13618910982964
CC520589	p2	0.7966281241335125	0.1373275238976148	0.2320717310593523	9.882828628330603	0.337224440992307	23.20637793578088
CC520669	p2	0.8461183087620988	0.3188299701325371	0.7009058128171682	9.66295558012977	0.4841374111843876	17.9940232778906
CC520712	p2	1.1764799509629935	0.5211681092173317	0.8686105227321402	8.568127791635343	0.4322041177450821	16.529741201555318
CC520980	p2	0.7962202084183032	0.4015719178377973	0.6301686154584353	10.127719002587163	0.5212546896677729	16.955701603230263
CC521040	p2	0.682466347945193	0.1021644652624224	0.8738100199796769	10.885789472606469	0.3441741802844437	21.480499750337074
CC521094	p2	0.686000690198175	0.2439513172827795	0.9116769024845892	9.976299214087248	0.6469964946567176	20.607576473223684
CC521167	p2	0.8582177089985767	0.2279873315169431	1.232338892220272	9.202173301237185	0.7572854876017986	18.24220700622124
CC610051	p2	0.7986962034709184	0.3626876384095701	1.1566641924128005	9.233720312781031	0.4594294867473438	18.82016277914612
CC610099	p2	0.6447254009366431	0.4621574566476567	0.5880473343322495	10.431744732955698	0.4989048133740298	17.292871597748913
CC610308	p2	0.9525831362280444	0.2085404287932626	0.4292820456795684	9.946674209348204	0.4897401420138871	21.950112924574977
CC610392	p2	0.9806223364192728	1.0382989866956067	0.9180410322013608	9.210828462039876	0.7689921415205653	16.075138979188313
CC610405	p2	1.026928187700432	0.1550714176352577	0.6525553472443937	11.076311064302049	0.5238934766351206	19.943987498536437
CC620017	p2	0.7892449623193614	0.762367117339097	0.4367152951164759	9.296177841392574	0.2771333278397742	18.71395551958997
CC620164	p2	0.6632526024547459	0.1899661256427988	0.3649491519226117	10.164696607377188	0.5379478582541046	19.137481068306588
CC620193	p2	0.813553216976442	0.3291696239105285	0.91680765528345	8.974697418455786	0.7012017625606458	17.79160987237293
CC620321	p2	0.998675982806923	0.3151044717671638	0.5606232889081831	9.224724229591716	0.3693808403612917	21.82279975521673
CC620485	p2	0.6199177019619652	0.1618273300308744	0.4943386755415317	9.58366699224564	0.4833998168352165	24.96251587928886
CC620496	p2	0.8307621487276623	0.6593056348179235	1.0147667641774143	9.000710620700252	0.5909355812691887	16.84878946820515
CC620619	p2	0.8753340577609441	0.4798809170348171	1.1345409591310986	9.083528356005123	0.6821357231935272	15.408740813316284
CC620659	p2	0.804511912428002	0.2940154197808214	0.2918765735128268	10.31652114481938	0.5182959182282773	18.28718282462937
CC620785	p2	1.0221891590986556	0.3312320432350883	0.5348804718844452	9.985476754376815	0.441898916144636	17.731608430108267
CC620918	p2	0.6161239287072746	0.1427003439063226	0.2284359774291221	11.221276900117154	0.3711316125156549	22.978468101125063
CC620967	p2	0.6973953161926637	0.2600587764975124	0.8093129550755885	9.00825298979282	0.467979061416574	19.50940881474309
CC621020	p2	0.9351324673831372	0.8784601651337093	1.0340542066432314	8.504226664364797	0.6536595953959452	17.364702972378446
CC621199	p2	0.9311650797145268	0.3760105474658135	0.8916930891527505	8.782661096518455	0.5878915776766271	17.0601553237276
CC621283	p2	0.7083594583619944	0.268051665943279	0.4820256318419094	8.920754732652568	0.5282238229222873	18.86556272428404
CC710088	p2	0.7661140439730271	0.3094583883217957	0.8865678258990753	10.509943756058268	0.7932618095766278	15.288203202782771
CC720103	p2	1.0857422840647215	0.9547710351819548	1.0932846488183796	9.137104288975996	0.4960868286676596	15.82577338128012
CC720718	p2	0.7235448152781819	0.5369118904640859	0.957065936923838	8.653659085462024	0.6505749374248877	18.058489980491785
CC120049	p5	1.024525021199575	0.4706997124922118	1.394624690818092	9.988726266529754	0.557718102853615	19.82434320885442
CC120065	p5	0.8560068136918906	0.1814394005805762	0.8416823365637401	10.433014737723914	0.3872370187364811	17.549102831455635
CC120218	p5	0.5491817665214918	0.1216726228399321	0.6073490386935122	10.548954712290524	0.3290706601242296	21.990474533835155
CC120470	p5	1.2021230022200664	0.4206655482519759	0.5463657997968662	9.20005206169235	0.157389817614348	18.83340271963272
CC120640	p5	0.6116759878341176	0.187555940078088	0.5298948942586067	9.995211176292882	0.3210177100065471	20.19169510063847
CC120795	p5	1.1160181885969287	0.4302989825448582	0.9714090198807948	9.540806161320964	0.4890532978898597	22.34676746140922
CC121428	p5	0.8225026083222801	0.1503815767709071	0.6730608083259753	10.472459044028756	0.260446849410696	21.84564410175352
CC210023	p5	0.576742672133878	0.0857553065558456	0.3228917712273476	10.854169516398944	0.5743760263323595	23.07050545566152
CC210088	p5	0.9469967765934784	0.236613446139326	0.8289250039878011	10.005714473620936	0.4824079328071035	16.785478445045865
CC220107	p5	1.018753567988216	0.6338452663279512	0.9641041254685224	9.000441501029188	0.3162600418481331	16.883274992523802
CC220335	p5	1.0381209289953095	0.2006637613840062	0.7360628739420092	9.153954972826842	0.4650815720222105	15.15792347987455
CC220419	p5	1.044913528831556	0.2061506761913911	0.6849667972832221	10.043966753089192	0.4409161028475092	17.979792096472536
CC220518	p5	0.8029830794290083	0.2262931129887855	1.050333191974512	10.876451666997331	0.5767702646092373	17.041890824912034
CC220519	p5	0.7386639958876553	0.2292027802316131	1.127440738163823	10.461345169742938	0.4843379091811877	20.975856824245405
CC220828	p5	0.847079481885456	0.2018664291835761	0.4194650115418115	10.56305786874714	0.364266435404531	18.129293300281024
CC220974	p5	0.8249924503201758	0.2560374398785828	0.8080212106017403	10.181808989067225	0.4979799259164452	21.3278158512693
CC221002	p5	0.6749786811916968	0.3740005037197204	1.2508801410966106	9.127635574278829	0.6793345183738977	18.418278976306876
CC221487	p5	0.7169204502226367	0.1076431460124048	0.2713264243523241	10.78876318234028	0.2252619666150978	20.918408665357376
CC221585	p5	0.9750174244091702	0.1769476858107182	0.6923068260606103	10.064143795522376	0.4590139719013559	14.219310634027334
CC221977	p5	0.8941138717536378	0.2775442085181867	0.6684767589796998	10.455439934303945	0.5179457297304129	16.485449341648966
CC222258	p5	1.0716976822499027	0.8990553956719843	0.7386119364543007	9.652460618487453	0.498981876324497	15.676917003730026
CC222264	p5	0.8474364494924688	0.2018965235148199	0.8747667199162565	10.272884775337223	0.359868712453444	19.95982768948705
CC222496	p5	0.8954183293690314	0.2388996985881182	1.2149077708546847	9.362662786984709	0.2983658151177014	20.277421911547304
CC222652	p5	1.0671279334098112	0.1595330150841706	0.8654893332149586	10.601452777818654	0.4729231500101564	16.414756592988173
CC223286	p5	0.7965843857170294	0.2459349596661471	0.683289376192636	9.856208927917384	0.5451365065055562	17.93843862487468
CC310051	p5	0.7206794839817655	0.5259549014725479	1.097354177899721	8.898278055614082	0.8700094307399118	18.40285049161517
CC310086	p5	0.6266358787259863	0.284510904765918	0.4947617008305073	10.013054608713205	0.5520837885323566	17.374177669325462
CC310203	p5	0.967542731252234	0.1831226465521039	0.6119886392024491	9.419395574687265	0.3012505530780542	21.629779776843176
CC310407	p5	0.8794832447015117	0.121087743003952	0.2264565029164764	10.52261399009756	0.5000638571284254	22.629728432102635
CC310410	p5	0.8939199430631496	0.5609252785590545	0.6160145715929312	9.273523543802376	0.4394220157483942	16.660213297760873
CC310414	p5	0.6903776692934287	0.1280765081146811	0.3243704662200025	9.428827637798843	0.2714813408254798	19.674385469142056
CC310463	p5	0.9482514142581626	0.3799192028447226	0.8688448735889123	8.925123521273251	0.5117009703762431	18.07431304117656
CC310473	p5	0.8196197291683758	0.2384961051432145	0.8786638067283893	9.391687770701845	0.4196161453372946	21.125320662843222
CC312058	p5	0.9185683151626672	0.3280193347994135	1.041307486336977	9.372576814815424	0.4648976840664957	17.297898984813095
CC320022	p5	0.7767809553485873	0.2512077727735626	0.3416857252473124	9.55262277939887	0.2618735201751156	20.75311342300168
CC320206	p5	0.7772926893204798	0.1660668148037285	0.3498795838955483	9.642899765957026	0.4371039720102374	19.656300283149907
CC320218	p5	0.9059008787058596	0.5654723711744697	0.902611224661123	9.389768921041105	0.6073504290716044	17.357085313048195
CC320321	p5	0.7207887588485139	0.2798455883389955	0.5538524930669442	9.72041767791118	0.3777280285866662	17.49931413733429
CC320342	p5	0.7394170747021153	0.2870981673393335	0.5519029519466795	10.34108895122838	0.3598683588785302	21.37278534404383
CC320359	p5	0.8805739356799666	0.3690985648408724	0.6840286659303433	9.74155084099977	0.5659696845043038	19.435233712307596
CC320500	p5	0.7678427222667461	0.0746315060729294	0.36289749427422	9.66562646675094	0.4776928850841192	19.658252096527647
CC320616	p5	0.8463278474696229	0.2366479233799913	0.7338983023342677	10.553147534990556	0.8073236743270192	19.180700041290702
CC320621	p5	0.6166726062445967	0.2184573295001933	0.8359191384977765	8.652743442660658	0.3378220826811781	20.97916454745548
CC320636	p5	1.286506445068177	0.4135161094704371	0.9164907162080278	8.382566982106784	0.4098618694129406	21.436195695906434
CC320687	p5	0.8694750078288496	0.9981271728418856	1.010568895638213	9.267499012442247	0.414317022746116	15.681252172507644
CC320888	p5	0.7643506706782753	0.3122219112251567	0.5311512935177328	9.697778514622772	0.6096731152464867	17.007000081842396
CC321137	p5	0.7220583858866078	0.2059583751033692	0.4295245144646867	9.22451507352269	0.4517662699868301	23.139181807929727
CC321428	p5	0.9974122536595402	0.2157030151094606	0.2152879454342054	10.003975218887582	0.2227407656579863	21.408584348276072
CC321544	p5	1.162281167951147	0.2247940464026468	0.8958948349678133	9.514699892240218	0.5635794632471062	15.959080480489048
CC410091	p5	0.8130946396277479	0.1957235897172017	0.4277932598352826	9.822224714847382	0.6421153745929292	18.34242962275724
CC410101	p5	0.9167316644255448	0.3533745100150297	0.9568455130241552	9.090267197846028	0.490320290603556	16.290008372267078
CC410113	p5	1.0228349785268347	0.4432990482552266	0.8665990623887968	8.839511118856093	0.53546129054597	15.570577968935746
CC410129	p5	0.753305639557765	0.1861497157855339	0.1999891258079065	10.682928599327408	0.2174768537288021	21.50646311598993
CC410177	p5	0.8235198190413573	0.5586077021406601	1.1357460228669802	9.120426907261862	0.5266315456449652	18.75821501153965
CC410179	p5	0.6553988621007324	0.8752710373375655	1.1194191526528414	9.419193108376373	0.5047798357746871	18.012991564742556
CC410182	p5	0.6540611423157469	0.1878757765943572	0.4612611801808056	10.64342124005986	0.5595036093466215	17.577951631796065
CC410243	p5	0.7427591077982822	0.1214953822656106	0.3475943756418984	9.76265097142738	0.4612344456182662	16.787983230148132
CC410297	p5	0.97810572504428	0.7000386563919989	0.917785988988596	8.41764668644943	0.6672680658180229	16.44534555516384
CC410325	p5	0.72672699031806	0.0865096173959658	0.5646570011034658	9.81830541762119	0.2174730660214167	22.350648287306324
CC410354	p5	0.8130033561361921	0.1785050991828511	0.4878249244914475	9.92011836085759	0.4533744132241127	22.05480283851031
CC410390	p5	0.8958357748655968	0.3256806563526894	0.7988219948599387	9.957764252397356	0.3601287014988358	21.00657667005142
CC420004	p5	0.8303484841575599	0.1901233753306992	0.6392329439571284	10.007993441166423	0.3623576005892501	18.079232641088588
CC420075	p5	0.728892561893311	0.388649069105131	0.7296167065108529	9.627526285177424	0.6471997780837981	19.373690451497552
CC420094	p5	0.6951603822061848	0.0981487739453458	0.2864613494936401	10.27857866076088	0.2971498208155271	19.405020531333275
CC420149	p5	1.226700292923138	0.4807751506700835	0.4619729272380525	9.210170478121633	0.3640490600391441	17.067415591688572
CC420157	p5	0.7563545096881089	0.7368783228897985	0.3943422387137545	9.693302314114614	0.3562795074718962	20.0706153774631
CC420173	p5	0.97618157832118	0.2231382667362827	0.9234728772669208	9.911557050172537	0.562042143843007	19.24271458225185
CC420198	p5	1.1713071575109872	0.5422375573725915	0.7969524099056221	8.980579453269774	0.6268728727922339	14.390023503572076
CC420202	p5	0.8682089801198246	0.3560091846339303	0.4040921866929038	9.508279702699088	0.5612723544270785	21.392053395407256
CC420204	p5	0.8062375362386505	0.2774284492513503	0.6526153446077438	9.51666269716846	0.5578705329418125	18.864368527220595
CC420231	p5	1.1011249038177928	0.4190965696057873	0.807084123367685	9.181864939201697	0.6080712982478962	13.96904830372634
CC420241	p5	0.9494644744196934	0.7064883037937474	1.001595127065288	9.063397527243673	0.5868983961159824	18.79379964580225
CC420259	p5	0.753350083465898	0.4074983636521802	0.5434430207999417	8.793914789960096	0.2790239656582848	16.914544720128923
CC420286	p5	0.6969369622821167	0.536558425069729	1.0702809336385626	8.676497356695522	0.492782730986036	18.2789606316045
CC420348	p5	0.7232197932918485	0.2605740196169466	0.7409621531416958	9.41284664322853	0.3124837397602965	20.364479266427328
CC420392	p5	0.9707981215646764	0.277575866068765	0.6206138106992377	9.990732024936772	0.3192057621498914	18.285056462007887
CC420396	p5	0.9413142742990466	0.5176599287746254	1.1536123836349077	8.94577992138704	0.47259966005963	18.68603563957863
CC420433	p5	1.0080395618387277	0.9786195430279528	0.7417404547296538	9.222046528218526	0.4810919745986097	18.485624865007317
CC420589	p5	0.8248066664904775	0.324325550237123	1.165225642351411	10.267287606320798	0.3940930639958556	16.742752929334557
CC510237	p5	1.1257074906940772	0.5978699039893307	1.2089902073833712	8.9474671543479	0.6253494856929167	15.98939695606405
CC510256	p5	1.2362430659604422	0.2879858088309912	0.3216852525884523	9.810357503084004	0.200811363599049	18.005267307363965
CC510329	p5	0.7927172416739034	0.811740984649379	1.0404289750806148	8.84836585996664	0.3357526383181564	18.472583583110648
CC510392	p5	0.8915095412178679	0.554087219473518	0.5630558136624522	9.88845266496195	0.4160616350642002	15.509582168819648
CC510433	p5	0.9079134354439544	0.4766742130722357	0.4784572498716855	8.954732015551384	0.4927580781989394	17.153993967736607
CC510438	p5	1.0699489157936604	0.4072106965656291	0.6416148178835615	8.983463092897754	0.455405276580496	15.516529503603827
CC510548	p5	0.941799247419706	0.2155947518005047	0.3592827267189391	8.884135625571346	0.3228735748764991	15.386066701993764
CC510609	p5	0.5563860704326014	0.4083913040273054	0.7593780362872872	9.969471859222455	0.7828519042121425	15.050552509219113
CC510639	p5	0.6636727793383339	0.204450888218924	0.5997649353152343	9.272436621717446	0.5373175004020734	21.575966611011037
CC510648	p5	0.8491079069660304	0.6612948382031879	1.253703363902149	9.021710067271458	0.5150532001132043	16.389973657778608
CC512003	p5	1.0741313923404383	0.6379196200803467	1.1119703122927829	8.698989982561521	0.6241118998611641	17.4876003505947
CC520055	p5	0.8261875865979265	0.5503183844503055	1.12031548891004	9.54181396488695	0.6779538245838301	16.667572312420024
CC520065	p5	0.7033660106697144	0.4789262391026819	0.6077573904391479	8.988676196856888	0.8468252217442858	17.842329859570324
CC520076	p5	0.7571068149347367	0.5532086701046576	0.7848084168007043	8.624907502059735	0.4568355063606379	16.32392101347748
CC520134	p5	1.022395425286251	0.5373101187838571	0.775704073927986	9.891403428738412	0.6497813126847677	15.970583940921548
CC520136	p5	1.0082984403408155	0.6239907149271986	0.7264247057116742	9.337151104000164	0.3945129177847322	18.008755646566286
CC520175	p5	0.9346142168513129	0.4942009194432459	0.4876943723397997	8.957115721124945	0.4328268899465125	19.267470165556187
CC520209	p5	0.9345079436054468	0.2743594164510592	0.3302560200863776	9.422196647403476	0.3846294781739132	20.029324743129628
CC520254	p5	0.6495711012189201	0.4677775266508949	0.4727987649683551	9.594665733207243	0.4548347382660864	19.145071882476017
CC520390	p5	0.7065193520474684	0.09194000021968	0.2627201270506001	9.988251347546829	0.4172149903228709	21.221861395543737
CC520477	p5	0.6764171747794138	0.5729176706660777	0.8932600468954424	9.92041730181229	0.441411429163351	20.32102637966587
CC520480	p5	0.4330343618713377	0.6753605982975576	0.9145616854211218	9.333363093156104	0.4979404002220637	18.935203031986514
CC520517	p5	0.7291698968113013	0.4275752871151745	0.7339558771498906	8.416494053644533	0.3164242397627543	20.836442091737503
CC520542	p5	0.8014735674851312	0.4160805487118512	0.9598185368062514	9.366577940036343	0.4139480149473581	19.051971311534665
CC520562	p5	0.760641576799622	0.2561966067385559	0.6852155646259475	9.070940394133338	0.3643074220333313	16.853734323595003
CC520589	p5	0.425673074580258	0.0937964583977968	0.2714280905052057	9.765310889065091	0.354623301769531	23.96796183401713
CC520669	p5	0.888220555336729	0.2675580830175409	0.5621680643609859	9.612910670281549	0.3955235717003612	15.216581224642963
CC520712	p5	1.143504154773695	0.5026116238677352	0.9538894136246796	8.507178956465387	0.483228492838458	15.820919763244548
CC520980	p5	0.8506528931869352	0.4555625550150542	0.8145109704729802	8.795429197099137	0.457184496926393	17.02491185518296
CC521040	p5	0.6221134279994969	0.3488957668849716	1.0716798591368804	10.119409550551104	0.3240447412731551	19.28441666118438
CC521094	p5	0.6857642674565386	0.2035600846392107	0.834252076388523	9.69659922772239	0.6183288865447011	20.260987887502985
CC521167	p5	0.8347936286699286	0.2481145708889561	1.160583202743499	9.14372591543312	0.7847376295271256	18.128400829785782
CC610051	p5	0.795483753517355	0.499579865657257	1.0542625973506112	8.670210959818688	0.4218718535685616	17.41414780082213
CC610099	p5	1.0190432954040087	0.4290952848467753	0.591310697064443	10.100316872585616	0.4073934015887692	15.879038768800369
CC610308	p5	1.1552154073991552	0.2335456909065365	0.2891050791406766	9.633575688174563	0.2125565036997181	19.309813173207186
CC610392	p5	0.8865618111064376	0.9387773990182616	0.5671199284381429	9.70666331273992	0.6145202242270579	16.29593316068875
CC610405	p5	0.9084341665757052	0.169812966703457	0.5430191680178914	10.80536223826272	0.3573467742837412	20.355826275247928
CC620017	p5	0.92628225523956	0.6291999843032311	0.377271138488512	8.919956629363666	0.2229740520100994	20.26962273010343
CC620164	p5	0.5531742543765014	0.3194912362717785	0.4111282300217875	10.172698676239978	0.4320849524002059	16.876276223053605
CC620193	p5	1.3007398331245528	0.2944953168785389	0.5343610065168907	8.913402015856517	0.4395526210302449	16.185323485591546
CC620321	p5	1.0753354691488992	0.4685042302266292	0.6689805175180261	9.021645589256938	0.3840376359267028	20.178039090343844
CC620485	p5	0.6307929774303777	0.0979270827686093	0.41443469485593	9.599195911704602	0.3899802168580832	24.115981004046805
CC620496	p5	0.906098826496566	0.5908982193497312	0.897707489662549	9.230420926760363	0.4362464700900669	19.114082162261717
CC620619	p5	0.9805250402142354	0.3493494760648469	0.7852952489904484	8.721377658303105	0.5170006708817497	14.217576930021163
CC620659	p5	0.9062031767975408	0.3002909286297916	0.3717005610248977	9.717970616589628	0.5657128951016356	17.069647066220742
CC620785	p5	0.99370576382334	0.2735834716201139	0.4751747774412315	9.389792869405852	0.365908965708657	15.935557476175797
CC620918	p5	0.5235965824181008	0.1392885111233287	0.2335788948188137	11.00913562546572	0.4056127055706904	22.16542631866365
CC620967	p5	0.4876846721593963	0.2789702545836051	0.7729475609946487	9.079599131794334	0.4473988774937577	19.18057776364771
CC621020	p5	1.187502138219858	0.8495432155900146	0.6634445844569318	9.055335635525855	0.4322700232380908	15.624828314442738
CC621199	p5	0.9152264221766738	0.5692764019434138	0.7485578257140976	8.897336087353196	0.4744059818375115	16.284382809667672
CC621283	p5	0.7110438324122375	0.1700405701378974	0.5444194706868802	9.097363481335153	0.4859227119567793	18.274244781438536
CC710088	p5	0.809283143205917	0.2662190995901062	0.7969011591594007	10.049968030776542	0.7225759965715056	14.40667263486044
CC720103	p5	1.114295056918701	0.7815363109979249	0.6607429878034586	9.13541652016288	0.2670489054208927	16.407808046760046
CC720718	p5	0.7487472993184469	0.6255585616189443	0.6728186635280077	9.075871082385882	0.58101922460205	17.181717889406897
