r_squared,Aperiodic_mode,Counts
0.9862519360801784,Knee,204
0.9701830593969097,Knee,204
0.9453590364566977,Knee,204
0.9822569028831404,Knee,204
0.9650416593178339,Knee,204
0.9788160694126047,Knee,204
0.9777836695819881,Knee,204
0.9393447769862945,Knee,204
0.9726083960445653,Knee,204
0.9682883430719385,Knee,204
0.9789392241122267,Knee,204
0.9678992776403562,Knee,204
0.955694332322163,Knee,204
0.9712603713001149,Knee,204
0.9664302236427499,Knee,204
0.9709457070293293,Knee,204
0.9726155258856823,Knee,204
0.9497650905615623,Knee,204
0.9728996199937074,Knee,204
0.9720887250411001,Knee,204
0.9699814363213984,Knee,204
0.9650661529063578,Knee,204
0.9762204303206936,Knee,204
0.9679007457265462,Knee,204
0.9545569573398851,Knee,204
0.9498402049513719,Knee,204
0.9496241464464505,Knee,204
0.9590443587240507,Knee,204
0.9370578254478631,Knee,204
0.9623288310287276,Knee,204
0.9576440657822562,Knee,204
0.9703200360004547,Knee,204
0.9654650637501451,Knee,204
0.9688179141870714,Knee,204
0.9437909599012091,Knee,204
0.9535273833140645,Knee,204
0.9678570622387852,Knee,204
0.974079997532118,Knee,204
0.9776001085472452,Knee,204
0.959927936585714,Knee,204
0.949916975914009,Knee,204
0.9594959276965366,Knee,204
0.9735514177885815,Knee,204
0.9851905571202596,Knee,204
0.9767001073988352,Knee,204
0.9453922676248513,Knee,204
0.9752450924674043,Knee,204
0.9668551911342169,Knee,204
0.9676882605851977,Knee,204
0.9507111716013202,Knee,204
0.9664200396518426,Knee,204
0.9725679781134631,Knee,204
0.9659589220038748,Knee,204
0.9704663558128955,Knee,204
0.963607837505461,Knee,204
0.9070000438003705,Knee,204
0.9433636852947821,Knee,204
0.9673298640402893,Knee,204
0.955164521086989,Knee,204
0.9735658939694951,Knee,204
0.9756227420390294,Knee,204
0.9534579867308542,Knee,204
0.9408473518455572,Knee,204
0.954866560295151,Knee,204
0.9745069287087873,Knee,204
0.9595305389345756,Knee,204
0.9728545349350963,Knee,204
0.9750868649715659,Knee,204
0.9436711120059273,Knee,204
0.9651292923844719,Knee,204
0.9686638870815849,Knee,204
0.9746459010529508,Knee,204
0.9680027233696555,Knee,204
0.9642390841355267,Knee,204
0.9563340266579253,Knee,204
0.9727731651584802,Knee,204
0.9680047338499284,Knee,204
0.9787265133645733,Knee,204
0.9739973607416571,Knee,204
0.9824947726547143,Knee,204
0.9765748681685273,Knee,204
0.9744539331058217,Knee,204
0.968640638964762,Knee,204
0.9592858900783295,Knee,204
0.9514142062533171,Knee,204
0.953073792327083,Knee,204
0.9598119041118967,Knee,204
0.9620930274072678,Knee,204
0.9770463880331315,Knee,204
0.9743658529457029,Knee,204
0.9613577020196843,Knee,204
0.9510911673807187,Knee,204
0.9600387907684808,Knee,204
0.9644936004427808,Knee,204
0.9708249153791666,Knee,204
0.9762667940094595,Knee,204
0.9380665850059206,Knee,204
0.9262318048311405,Knee,204
0.9350722991349939,Knee,204
0.9661255831217643,Knee,204
0.9572387850964765,Knee,204
0.9545148588697037,Knee,204
0.971454572938448,Knee,204
0.9640629536118799,Knee,204
0.9335210202096373,Knee,204
0.9647687479116904,Knee,204
0.976351621137178,Knee,204
0.9522658706687732,Knee,204
0.9534863097011606,Knee,204
0.946599277869578,Knee,204
0.9623618614713653,Knee,204
0.9594331214094447,Knee,204
0.945508645350022,Knee,204
0.9536378712449335,Knee,204
0.9699030115595756,Knee,204
0.9462785083960931,Knee,204
0.9562290792442176,Knee,204
0.945082558102294,Knee,204
0.9657453066642424,Knee,204
0.9696691448777646,Knee,204
0.9381476333549952,Knee,204
0.9612253166512789,Knee,204
0.967051213014089,Knee,204
0.9406651122507895,Knee,204
0.9681805720650013,Knee,204
0.9051269753141762,Knee,204
0.919127414396934,Knee,204
0.9680465949406764,Knee,204
0.966133522841929,Knee,204
0.9361061171814344,Knee,204
0.9634796337268006,Knee,204
0.9805289920909739,Knee,204
0.9595286276222813,Knee,204
0.9813746404513582,Knee,204
0.9680177654632166,Knee,204
0.9499048869567991,Knee,204
0.9788372717511158,Knee,204
0.935552760496661,Knee,204
0.9791519550304326,Knee,204
0.9726474060847079,Knee,204
0.9308744917588657,Knee,204
0.9633446035333267,Knee,204
0.9755592884892275,Knee,204
0.9692407032073141,Knee,204
0.9638648623992055,Knee,204
0.9562151882927654,Knee,204
0.9721908497952952,Knee,204
0.9506305421511643,Knee,204
0.9674102670811898,Knee,204
0.9561613014676841,Knee,204
0.9433236169769198,Knee,204
0.9692394733108319,Knee,204
0.9647465390803612,Knee,204
0.9768587457556979,Knee,204
0.9667197915941227,Knee,204
0.9717035075072828,Knee,204
0.9675326957763679,Knee,204
0.9484648233481071,Knee,204
0.9548022333570513,Knee,204
0.948063424134913,Knee,204
0.9617337528652513,Knee,204
0.9292237054619953,Knee,204
0.9588151598058875,Knee,204
0.9282906609891797,Knee,204
0.967038110708741,Knee,204
0.9583668487117074,Knee,204
0.9665471451229981,Knee,204
0.9584329911923553,Knee,204
0.9538544029391596,Knee,204
0.9690930821991268,Knee,204
0.9497639765661368,Knee,204
0.9718957350134502,Knee,204
0.9613286825737197,Knee,204
0.9402321214360592,Knee,204
0.9637976421297608,Knee,204
0.9554576646949913,Knee,204
0.9836750604559611,Knee,204
0.9732170479041068,Knee,204
0.9404001670478129,Knee,204
0.9593452639466531,Knee,204
0.9672814459852076,Knee,204
0.9709535751368404,Knee,204
0.9467971050191485,Knee,204
0.9639945169925082,Knee,204
0.9659111884904197,Knee,204
0.9538770030570257,Knee,204
0.9629837633642262,Knee,204
0.9565378217848598,Knee,204
0.9268641434301743,Knee,204
0.9092006667684311,Knee,204
0.9655223708917512,Knee,204
0.9359030652701377,Knee,204
0.9623393877205715,Knee,204
0.9693577346602675,Knee,204
0.9492054404628056,Knee,204
0.9507504646760682,Knee,204
0.9290915474961947,Knee,204
0.978523979621893,Knee,204
0.9510177678290953,Knee,204
0.9868317768410355,Knee,204
0.9717714479576524,Knee,204
0.9511153245398336,Knee,204
0.9534369614275212,Knee,204
0.964567525112219,Knee,204
0.9721676766647632,Knee,204
0.9582518944536595,Knee,204
0.953537295481778,Knee,204
0.9497808338255661,Knee,204
0.968055285789311,Knee,204
0.9694484612393853,Knee,204
0.9795467542342144,Knee,204
0.9721553272484019,Knee,204
0.9826897151170018,Knee,204
0.9746953579311243,Knee,204
0.9632513652023447,Knee,204
0.9645973077509653,Knee,204
0.9644455898864042,Knee,204
0.9688090604160499,Knee,204
0.9579167497925883,Knee,204
0.9571377867168362,Knee,204
0.9562569664439936,Knee,204
0.9721290434667935,Knee,204
0.9747817627164734,Knee,204
0.9658469425417772,Knee,204
0.9613723531920061,Knee,204
0.9553065263358589,Knee,204
0.9710105730465916,Knee,204
0.9764140758118263,Knee,204
0.9705953172527008,Knee,204
0.9500649822825518,Knee,204
0.9361305442668465,Knee,204
0.9148817019707494,Knee,204
0.9468152327958409,Knee,204
0.9559066167947425,Knee,204
0.9510400484944839,Knee,204
0.9661963246751504,Knee,204
0.9502300096888616,Knee,204
0.8989854224056695,Knee,204
0.9585346503408897,Knee,204
0.974635502246381,Knee,204
0.9806733485185108,Knee,204
0.9522038996371435,Knee,204
0.9435330589268076,Knee,204
0.9607524883358919,Knee,204
0.9566796365381548,Knee,204
0.9720724074098275,Knee,204
0.9706468865055008,Knee,204
0.9615554221123951,Knee,204
0.9473222863621032,Knee,204
0.9609102515243998,Knee,204
0.9368008937180936,Knee,204
0.9790475126554082,Knee,204
0.9820319288691262,Knee,204
0.9303736928423507,Knee,204
0.9548331613833249,Knee,204
0.9640616428426969,Knee,204
0.9468714477929143,Knee,204
0.9637764399157928,Knee,204
0.8808666924032463,Knee,204
0.8824985142160598,Knee,204
0.9709315380138805,Knee,204
0.9660517827710634,Knee,204
0.9427690744112763,Knee,204
0.9661557265741687,Knee,204
0.9747441534902526,Knee,204
0.9550052761136137,Knee,204
0.9870987525231264,Fixed,204
0.9744404506666701,Fixed,204
0.942790350636098,Fixed,204
0.9855111529660061,Fixed,204
0.973855373329445,Fixed,204
0.9800626795054295,Fixed,204
0.9825706561827117,Fixed,204
0.9690055963876661,Fixed,204
0.9808398191956678,Fixed,204
0.9747792234267006,Fixed,204
0.9847329367017345,Fixed,204
0.9817716551195718,Fixed,204
0.9801466714515606,Fixed,204
0.9771160432382395,Fixed,204
0.9790496717848951,Fixed,204
0.9716442389941404,Fixed,204
0.9846952135492959,Fixed,204
0.9525249107874312,Fixed,204
0.9858029125442376,Fixed,204
0.9845842667927874,Fixed,204
0.981278880637822,Fixed,204
0.974334162078154,Fixed,204
0.9783165011170708,Fixed,204
0.9864952523988854,Fixed,204
0.9824452140835465,Fixed,204
0.9677406426518212,Fixed,204
0.9816358793190301,Fixed,204
0.9563652838001327,Fixed,204
0.971929533446631,Fixed,204
0.979554593884516,Fixed,204
0.9594144340508299,Fixed,204
0.9812884788833083,Fixed,204
0.9768643964313596,Fixed,204
0.9829151257856786,Fixed,204
0.9452647816513746,Fixed,204
0.9772315711309119,Fixed,204
0.9837562043943339,Fixed,204
0.9817556615761049,Fixed,204
0.982724241922264,Fixed,204
0.9831953944325179,Fixed,204
0.9679877176774034,Fixed,204
0.9812131740818647,Fixed,204
0.9796353961151886,Fixed,204
0.9876031568423235,Fixed,204
0.9784359638779323,Fixed,204
0.9691170767578592,Fixed,204
0.9742677132675814,Fixed,204
0.9665608331898059,Fixed,204
0.9816276567717566,Fixed,204
0.9775730323136564,Fixed,204
0.9841720626554009,Fixed,204
0.9829920068346576,Fixed,204
0.9676578407355976,Fixed,204
0.9864040594843323,Fixed,204
0.9842483110343244,Fixed,204
0.9575903126825438,Fixed,204
0.9733824434048518,Fixed,204
0.9811872756920152,Fixed,204
0.9631453750591392,Fixed,204
0.976424608631474,Fixed,204
0.9792530812356739,Fixed,204
0.9748698059279804,Fixed,204
0.9755857369859035,Fixed,204
0.9634926407572665,Fixed,204
0.9849702190447743,Fixed,204
0.969705034299613,Fixed,204
0.9753770946662729,Fixed,204
0.9839793488982231,Fixed,204
0.9741032550204851,Fixed,204
0.9804837542521615,Fixed,204
0.9806960677512254,Fixed,204
0.9830056044357467,Fixed,204
0.9686883200965277,Fixed,204
0.9793834255271853,Fixed,204
0.9746465787816294,Fixed,204
0.9840358060254295,Fixed,204
0.9725896770695976,Fixed,204
0.9825132076404876,Fixed,204
0.9836172736683642,Fixed,204
0.9877082076766077,Fixed,204
0.9838566448859386,Fixed,204
0.981199855233852,Fixed,204
0.9826037586608771,Fixed,204
0.975458800849,Fixed,204
0.979128197269079,Fixed,204
0.9587473476129864,Fixed,204
0.9859364331359927,Fixed,204
0.983849878022933,Fixed,204
0.9834400419468603,Fixed,204
0.9808196396071768,Fixed,204
0.978338908424986,Fixed,204
0.9754083423628379,Fixed,204
0.982250866127813,Fixed,204
0.9836455288768211,Fixed,204
0.9823514295357217,Fixed,204
0.9817445331856215,Fixed,204
0.9722533991490199,Fixed,204
0.9570570586362033,Fixed,204
0.9632741774133711,Fixed,204
0.9846582292267266,Fixed,204
0.9809774410470924,Fixed,204
0.9699542891479968,Fixed,204
0.9774452290287203,Fixed,204
0.9769280170441277,Fixed,204
0.963010940430743,Fixed,204
0.9778615722757831,Fixed,204
0.9818036946932873,Fixed,204
0.9765239351171113,Fixed,204
0.9690012180513577,Fixed,204
0.9756813539691273,Fixed,204
0.9838313353197846,Fixed,204
0.972709361887162,Fixed,204
0.9794082544288406,Fixed,204
0.9691405331253734,Fixed,204
0.9848219042428589,Fixed,204
0.9725299572599243,Fixed,204
0.9600439576597473,Fixed,204
0.9709549347272258,Fixed,204
0.9829014799907726,Fixed,204
0.9745418274927318,Fixed,204
0.9558709519502396,Fixed,204
0.9825541146241752,Fixed,204
0.9841885093004816,Fixed,204
0.973215418636077,Fixed,204
0.9850367935680987,Fixed,204
0.9301160632980077,Fixed,204
0.9364755004487598,Fixed,204
0.9830021109609057,Fixed,204
0.9811608667761927,Fixed,204
0.9749320841772916,Fixed,204
0.9835461677586008,Fixed,204
0.9836069730213075,Fixed,204
0.9768443035868661,Fixed,204
0.9817783648057615,Fixed,204
0.9737361246713985,Fixed,204
0.9564402008216157,Fixed,204
0.9813375683646716,Fixed,204
0.9438484403611502,Fixed,204
0.9800687094280779,Fixed,204
0.9756185387050723,Fixed,204
0.9746815629311794,Fixed,204
0.979477304885018,Fixed,204
0.9818454634595958,Fixed,204
0.9820245522010422,Fixed,204
0.9804378480367952,Fixed,204
0.9785774866420505,Fixed,204
0.9777902409462612,Fixed,204
0.955983846967474,Fixed,204
0.9778554600608488,Fixed,204
0.9783708084273691,Fixed,204
0.9525968198783515,Fixed,204
0.9839656276600115,Fixed,204
0.9807676946724262,Fixed,204
0.9842458485686759,Fixed,204
0.975890303232402,Fixed,204
0.9763281514183391,Fixed,204
0.9862892886023233,Fixed,204
0.9823105460398787,Fixed,204
0.976973695279173,Fixed,204
0.9776953487593792,Fixed,204
0.968485039579121,Fixed,204
0.9713087932355461,Fixed,204
0.9754611263768834,Fixed,204
0.9355857448440921,Fixed,204
0.983232171011876,Fixed,204
0.9773260781302643,Fixed,204
0.9806398868308206,Fixed,204
0.9643596099499542,Fixed,204
0.975273684165111,Fixed,204
0.987570300675072,Fixed,204
0.9635631659548604,Fixed,204
0.9788772051271388,Fixed,204
0.9848272555545006,Fixed,204
0.9711844636879112,Fixed,204
0.9848378102927745,Fixed,204
0.9707834881527962,Fixed,204
0.9875255389939962,Fixed,204
0.9786363754769739,Fixed,204
0.9748078927090468,Fixed,204
0.9667960187791728,Fixed,204
0.9721495082417863,Fixed,204
0.9879439351994033,Fixed,204
0.9766700030518961,Fixed,204
0.984520290062955,Fixed,204
0.9802116905980447,Fixed,204
0.9569820131163633,Fixed,204
0.9861884791576254,Fixed,204
0.980260923227692,Fixed,204
0.976175243536339,Fixed,204
0.9398117934870767,Fixed,204
0.9854279164968364,Fixed,204
0.9442482770834881,Fixed,204
0.9727444968358535,Fixed,204
0.9740164243571287,Fixed,204
0.9720443075300731,Fixed,204
0.9777365770270346,Fixed,204
0.9559944773263082,Fixed,204
0.9865084745623142,Fixed,204
0.9635110448006531,Fixed,204
0.9757684992627553,Fixed,204
0.9832008427897195,Fixed,204
0.9731627180080388,Fixed,204
0.9767639574349687,Fixed,204
0.9787953367903941,Fixed,204
0.9828850215832108,Fixed,204
0.9687775831508262,Fixed,204
0.9726570732688056,Fixed,204
0.9713334724957079,Fixed,204
0.9740688695101006,Fixed,204
0.9814814068788198,Fixed,204
0.9823544376917183,Fixed,204
0.9809723920628177,Fixed,204
0.9864491905188766,Fixed,204
0.9793818764879515,Fixed,204
0.972228209074747,Fixed,204
0.9788668478522381,Fixed,204
0.9819561927180375,Fixed,204
0.9811483937465952,Fixed,204
0.9720289412449006,Fixed,204
0.9850388332417134,Fixed,204
0.9794732461625858,Fixed,204
0.9826012512137137,Fixed,204
0.9838264872521357,Fixed,204
0.9827518543969683,Fixed,204
0.9857628404303626,Fixed,204
0.9767918724681469,Fixed,204
0.9888276400290071,Fixed,204
0.9819161640664206,Fixed,204
0.9715629209783735,Fixed,204
0.970875823161518,Fixed,204
0.957945067783897,Fixed,204
0.9515950193023933,Fixed,204
0.9730017944193358,Fixed,204
0.9766182133291612,Fixed,204
0.9622874667981997,Fixed,204
0.9780536244840177,Fixed,204
0.9711864530584505,Fixed,204
0.9004970038683392,Fixed,204
0.9712207594242704,Fixed,204
0.9817737912307297,Fixed,204
0.9823417679208412,Fixed,204
0.968756415574727,Fixed,204
0.9740831782890834,Fixed,204
0.9830375648852723,Fixed,204
0.9720539675594345,Fixed,204
0.9836487402624122,Fixed,204
0.9714169600841864,Fixed,204
0.9798221419072672,Fixed,204
0.9543773058944353,Fixed,204
0.9601259035352383,Fixed,204
0.9620728776077556,Fixed,204
0.9865135746737045,Fixed,204
0.983268621652623,Fixed,204
0.9485847006891194,Fixed,204
0.9733102091705507,Fixed,204
0.9820540994477926,Fixed,204
0.9809108383575508,Fixed,204
0.979150222303004,Fixed,204
0.9047203910421074,Fixed,204
0.8906463739470785,Fixed,204
0.9827134924867642,Fixed,204
0.9794590858408205,Fixed,204
0.9767933604704419,Fixed,204
0.9844614861115275,Fixed,204
0.977923596307544,Fixed,204
0.9831986685143159,Fixed,204
