theta_peak_freq,Aperiodic_mode,Counts
7.271551937243458,Knee,90
5.694001103769595,Knee,30
6.3290891081432346,Knee,36
7.419738665614097,Knee,75
6.633129936300934,Knee,37
6.606546345221613,Knee,55
6.23365449094702,Knee,23
6.85407351702555,Knee,60
6.342010494229665,Knee,30
7.1721742566273425,Knee,114
5.919671417238385,Knee,15
7.787701761827782,Knee,9
7.60490527695697,Knee,18
6.96201463609635,Knee,26
4.977886737096138,Knee,52
6.8182730509117695,Knee,23
7.735558054144717,Knee,27
5.846254363317519,Knee,91
6.478996122345175,Knee,13
6.217966330961758,Knee,144
6.247219588405993,Knee,45
6.632857871118921,Knee,71
6.518354906428666,Knee,53
7.891377590933018,Knee,1
7.670195058442224,Knee,29
7.123458301877495,Knee,128
4.207337338710843,Knee,6
5.811986658490081,Knee,44
5.99227487255275,Knee,31
7.142841454704631,Knee,122
6.859329591580197,Knee,87
7.340424169921939,Knee,53
5.8428880901831235,Knee,109
6.299737663654099,Knee,16
6.447055764467421,Knee,100
5.457591108315403,Knee,32
7.435622182025611,Knee,62
5.062552412434356,Knee,100
6.472802622954699,Knee,169
7.294400116757036,Knee,12
6.214613056985749,Knee,26
5.883480361038167,Knee,51
7.028810790217344,Knee,72
6.489557964277695,Knee,59
7.813878552763822,Knee,166
6.81673125598841,Knee,31
6.781059112687532,Knee,158
5.2148083601731425,Knee,70
7.57784324625886,Knee,20
6.206549995848293,Knee,59
6.7628703504201395,Knee,6
6.674526412192746,Knee,155
6.376260963445052,Knee,97
7.097875891989749,Knee,80
7.726592140098456,Knee,161
4.326077873794703,Knee,4
5.489945406612973,Knee,5
5.621347422946859,Knee,39
5.991237615885492,Knee,37
5.73219779565038,Knee,67
5.5934229153143775,Knee,99
7.045028108395256,Knee,18
5.78782557812156,Knee,20
6.944618327618725,Knee,30
7.486645923090651,Knee,138
7.704966364703032,Knee,137
5.211450837494267,Knee,134
6.598188251532043,Knee,30
6.341516027315939,Knee,50
7.25782343801674,Knee,179
6.9406224577788205,Knee,90
5.62694544430964,Knee,72
6.84307373062188,Knee,39
6.93301663698806,Knee,14
6.717639126918808,Knee,19
6.339538499627146,Knee,4
7.605800251584883,Knee,89
6.790749939148187,Knee,81
7.36332107040114,Knee,59
6.582386734844425,Knee,45
6.676818451286329,Knee,43
6.741060973537256,Knee,73
6.8554325460826036,Knee,185
6.596529630881869,Knee,126
7.318094447569521,Knee,128
5.366495035948356,Knee,16
7.111751317744294,Knee,81
6.149012222651762,Knee,13
7.377327500066086,Knee,85
7.140353237903654,Knee,82
7.286613044606763,Knee,14
7.308674974751573,Knee,122
6.964004445439383,Knee,6
7.515985397162675,Knee,104
7.268715507578153,Knee,83
6.957551658286273,Knee,151
4.59528873685262,Knee,9
4.000000002399159,Knee,2
6.002007209533635,Knee,12
7.797580243605606,Knee,97
5.237652210578931,Knee,13
6.009560851379541,Knee,62
6.791039486979629,Knee,73
7.064446838480969,Knee,39
5.380166803978362,Knee,35
7.045835998027413,Knee,111
6.862084599800565,Knee,103
7.621467215200414,Knee,38
6.287311223650787,Knee,7
7.216375347875448,Knee,4
5.432963992419745,Knee,22
7.306151399942228,Knee,26
7.759672759155167,Knee,29
6.187161066988074,Knee,33
7.4616807048843246,Knee,187
6.290097982385016,Knee,34
7.260446553090853,Knee,201
5.659935825509202,Knee,44
7.560237554902255,Knee,33
4.932990139059437,Knee,131
6.7078682961815925,Knee,68
7.68241728350689,Knee,77
7.324073872638791,Knee,43
7.36501794591432,Knee,100
7.384680316561088,Knee,6
6.405334469280121,Knee,47
4.468443987638559,Knee,29
7.093472248673021,Knee,47
7.143446076414071,Knee,37
7.077295216173601,Knee,2
7.295688181974399,Knee,13
7.49362506638163,Knee,164
6.927213346743801,Knee,63
7.37942558385888,Knee,98
5.300943269642935,Knee,45
5.592714587574792,Knee,60
7.771782774475511,Knee,120
7.133795036795919,Knee,37
6.537508060114684,Knee,62
6.027688918741545,Knee,26
5.450919420096052,Knee,25
6.662655915674855,Knee,17
7.0336718338462845,Knee,170
7.637943990559296,Knee,38
6.526876923582365,Knee,17
5.623553482058722,Knee,20
7.203575846145037,Knee,30
5.510851802674773,Knee,93
6.924910808923747,Knee,43
7.4303273692104685,Knee,23
6.140112928552684,Knee,56
6.080086176204397,Knee,5
6.14269815699162,Knee,114
7.5636927073876645,Knee,161
6.174593560671355,Knee,46
6.154816477661942,Knee,68
4.548678950442222,Knee,2
6.7009915126637285,Knee,15
7.172078981076174,Knee,139
6.683949367519396,Knee,34
5.919975422724195,Knee,4
5.742706144983949,Knee,9
7.11691124581907,Knee,195
6.281304985462023,Knee,39
6.90250533193666,Knee,37
5.870995507042366,Knee,70
7.035705778723727,Knee,55
6.249174398661292,Knee,91
5.61710538809991,Knee,38
7.233775104080986,Knee,110
4.795934281251905,Knee,141
6.705140862838748,Knee,116
7.407630995444487,Knee,11
5.108508157330995,Knee,19
5.961500527457298,Knee,9
6.427450463926897,Knee,42
6.636283711127195,Knee,66
7.710401416860997,Knee,177
7.1426349209580575,Knee,59
6.3607543608791755,Knee,101
6.24829486185402,Knee,116
5.5167620344071695,Knee,9
5.655185689424967,Knee,24
7.0949275102701455,Knee,14
6.570244595176214,Knee,143
6.443873874224867,Knee,114
7.017225516166122,Knee,27
7.731027287925242,Knee,168
7.649212047032501,Knee,4
,Knee,0
7.799048100424569,Knee,47
4.617178508852881,Knee,25
5.355804687667958,Knee,73
6.2545848332526965,Knee,97
6.746916214539018,Knee,26
5.824470001580818,Knee,70
6.885515335763563,Knee,14
7.1882583148473165,Knee,95
7.752441185817657,Knee,165
5.0217838583425545,Knee,79
6.846579512407907,Knee,19
5.187219527674748,Knee,149
7.106604210029188,Knee,76
6.783434148824738,Knee,108
7.349971547795776,Knee,65
7.31130324130412,Knee,83
6.538552881631388,Knee,14
7.000613609324776,Knee,4
4.278384830859047,Knee,88
7.507397425646075,Knee,82
7.530952157647772,Knee,136
7.429349559901144,Knee,29
7.280953042276775,Knee,127
7.13526904542716,Knee,101
7.39383648804148,Knee,65
6.757585203471012,Knee,193
6.815870531413667,Knee,170
6.878424977010018,Knee,83
6.128052570553862,Knee,14
7.399222950832081,Knee,12
5.879449594897866,Knee,35
7.234334494130016,Knee,85
7.336051021864372,Knee,116
7.750263556202142,Knee,47
7.676693124483891,Knee,84
6.927965599800374,Knee,11
7.421177403554779,Knee,79
6.24698385861231,Knee,143
6.548568051025497,Knee,158
6.347992504040876,Knee,80
7.785261242017699,Knee,69
5.88059407736466,Knee,11
7.836139527892076,Knee,154
7.729239301303687,Knee,39
6.23727507252532,Knee,83
6.785015507536604,Knee,108
7.622427090591906,Knee,35
5.0290185055989145,Knee,27
6.959842133549234,Knee,69
6.455477525132587,Knee,161
7.081024816175409,Knee,5
7.704507867780607,Knee,1
5.055465847772968,Knee,13
6.345966060947356,Knee,35
6.444877757826736,Knee,42
6.888112211255445,Knee,121
6.26646099019836,Knee,82
7.236223330797141,Knee,200
4.839793401480133,Knee,38
6.7445923753701456,Knee,202
6.765668130324132,Knee,163
6.3032883876377275,Knee,37
5.744499976888653,Knee,162
5.059407105422167,Knee,12
7.557659703762557,Knee,147
7.450220566317857,Knee,49
7.005331241508414,Knee,41
6.989769540758917,Knee,5
5.168427502268982,Knee,35
4.880111561945615,Knee,31
7.697322996422751,Knee,77
7.515020810780482,Knee,100
7.193337689594089,Knee,3
5.870661979440311,Knee,25
7.234731283370921,Knee,179
7.73049428895578,Knee,120
6.986660930305351,Fixed,178
6.492860737241609,Fixed,99
6.500745989480832,Fixed,59
6.8133801477518325,Fixed,93
6.706935339490327,Fixed,84
6.790952504213993,Fixed,136
6.574900758125009,Fixed,110
6.814547798480942,Fixed,87
6.147050996919352,Fixed,71
6.895056418418161,Fixed,123
6.287179466756392,Fixed,90
7.0844906796861675,Fixed,25
7.400462594500897,Fixed,31
6.838435013277001,Fixed,102
6.257095848003846,Fixed,140
7.160555470358645,Fixed,56
6.789579366861878,Fixed,33
6.160350227078777,Fixed,137
6.770722329101934,Fixed,76
6.337047374011512,Fixed,192
6.275555174876959,Fixed,57
6.850140633202738,Fixed,147
6.576749804074247,Fixed,142
6.565169497782625,Fixed,17
7.377324835012466,Fixed,49
7.167474456162537,Fixed,144
6.206364404593394,Fixed,19
6.100242428701029,Fixed,82
6.890153133569593,Fixed,28
6.4889459511730445,Fixed,113
6.905521432192463,Fixed,113
6.939001629648761,Fixed,49
6.397175400354773,Fixed,157
6.87968898933239,Fixed,39
6.242575666525966,Fixed,107
6.790549900387223,Fixed,81
7.447869764678102,Fixed,92
5.392244682913921,Fixed,163
6.564877565714912,Fixed,161
6.7866451266756584,Fixed,51
6.392689517725744,Fixed,58
6.54061623266306,Fixed,107
6.981930576661486,Fixed,98
6.12050693652025,Fixed,41
7.7421144123595536,Fixed,143
7.196209288857638,Fixed,85
6.7359744409517335,Fixed,170
5.6853291786814735,Fixed,110
7.012576509177095,Fixed,69
6.485986559937189,Fixed,98
6.428190828656226,Fixed,38
6.542393268553111,Fixed,143
6.627433966895184,Fixed,134
7.07681927310583,Fixed,95
7.670599567459318,Fixed,148
7.1219949548772306,Fixed,4
6.533057306927931,Fixed,18
5.780741812081265,Fixed,92
6.223119321974624,Fixed,33
6.165158445737404,Fixed,131
5.686343593124878,Fixed,128
7.258431000195174,Fixed,97
6.055251443133769,Fixed,42
7.027937372036044,Fixed,38
7.483907962376784,Fixed,141
7.499125616372081,Fixed,153
5.5999728612896575,Fixed,161
6.362737204165031,Fixed,47
6.743029361921278,Fixed,62
7.125347039417708,Fixed,115
6.283653847202917,Fixed,64
6.181990586849485,Fixed,124
6.55666523850803,Fixed,34
6.716218661907901,Fixed,33
6.8964354122275795,Fixed,28
6.130873340233263,Fixed,8
7.556991780439492,Fixed,82
6.24790142454586,Fixed,82
7.065132260281303,Fixed,87
6.165296652096403,Fixed,81
6.27241541731988,Fixed,42
6.657796577568011,Fixed,64
6.793293930711181,Fixed,160
6.485516362852933,Fixed,109
7.2340256062995385,Fixed,104
5.792558036048446,Fixed,40
7.044257688251205,Fixed,103
6.860331151301623,Fixed,30
6.855401968533361,Fixed,86
6.9603537837525575,Fixed,110
6.438538092834042,Fixed,29
7.379887670687575,Fixed,138
6.7707665885869295,Fixed,15
7.50316003924888,Fixed,120
6.751833548782703,Fixed,78
6.94266604888268,Fixed,161
5.777532631795049,Fixed,15
7.353200450229673,Fixed,4
6.595837703770476,Fixed,11
7.701971831860515,Fixed,120
6.254138963732068,Fixed,38
6.085556285629752,Fixed,92
6.793366354973745,Fixed,101
7.074425904949652,Fixed,69
5.183118774308405,Fixed,46
7.170313073828845,Fixed,119
6.626197931674904,Fixed,105
7.304622946011752,Fixed,40
6.975188708245016,Fixed,10
7.409671509667068,Fixed,17
6.0194343613452554,Fixed,88
7.342245117567338,Fixed,82
7.854192491299482,Fixed,41
6.27053302595829,Fixed,31
7.505697628147638,Fixed,160
6.1879490559951265,Fixed,38
7.2499192182287535,Fixed,195
6.356610578711589,Fixed,100
6.960206626879969,Fixed,55
5.071470182070588,Fixed,139
6.997875380581741,Fixed,74
7.01642419202894,Fixed,39
6.865759668230452,Fixed,31
7.491436803929733,Fixed,138
6.809705534852988,Fixed,12
6.094307586685712,Fixed,49
5.449902859740935,Fixed,33
7.070866764329497,Fixed,50
5.313229329157284,Fixed,62
7.614026310289412,Fixed,2
7.13574164836656,Fixed,65
7.173253000924891,Fixed,146
6.764506931550888,Fixed,78
7.116605214401565,Fixed,163
6.087393337665513,Fixed,84
5.898515168453809,Fixed,65
7.222082396826312,Fixed,115
7.106671582940412,Fixed,53
7.0033541204698935,Fixed,144
6.67912481055837,Fixed,81
6.13309129576839,Fixed,28
6.436176075280749,Fixed,70
6.772386459461502,Fixed,137
5.867871943912787,Fixed,32
6.373987765922418,Fixed,60
6.7099711978480805,Fixed,90
7.028701428430545,Fixed,102
5.651520409095348,Fixed,125
7.252496613745533,Fixed,70
6.577656854833284,Fixed,52
6.256188100813349,Fixed,83
6.486040916571588,Fixed,43
6.308323566561664,Fixed,175
7.650096633425022,Fixed,154
6.747557159924251,Fixed,131
6.316492863135599,Fixed,146
6.0784642122208945,Fixed,24
6.769910418881034,Fixed,33
7.167065079312321,Fixed,141
6.566678762099095,Fixed,41
6.251243509303235,Fixed,7
6.836894495871443,Fixed,10
7.147530580403519,Fixed,193
6.565490809384976,Fixed,63
6.565862654977576,Fixed,41
5.969689207987221,Fixed,103
6.646787365562106,Fixed,62
6.280807778537646,Fixed,108
6.470745520586979,Fixed,100
7.014209850754755,Fixed,84
5.441097480956969,Fixed,151
6.744384762413598,Fixed,142
7.000850544360248,Fixed,16
5.714327824442237,Fixed,15
6.610500532971633,Fixed,64
6.281484374176838,Fixed,66
6.326590225076132,Fixed,66
7.6389535618639925,Fixed,155
7.001110845361246,Fixed,108
6.399081957682704,Fixed,116
6.379187393672525,Fixed,154
6.2798373736806425,Fixed,42
6.301211351711201,Fixed,60
6.313860439191928,Fixed,38
6.336836456865256,Fixed,132
6.674965038962806,Fixed,144
6.924209134388948,Fixed,38
7.701077915542417,Fixed,128
7.471933162516483,Fixed,15
6.848780458315604,Fixed,2
7.10806681647361,Fixed,54
4.487795093523027,Fixed,19
5.79885232813985,Fixed,112
6.295297447911812,Fixed,128
6.949546331136711,Fixed,87
5.805675908129511,Fixed,93
7.158568906220761,Fixed,12
7.195699893024742,Fixed,125
7.751886589816638,Fixed,173
6.382560211226628,Fixed,110
7.162694913792914,Fixed,27
5.7542736046801926,Fixed,175
6.813792991106837,Fixed,99
6.378681676494393,Fixed,90
7.132586612723901,Fixed,78
7.41477187190569,Fixed,72
6.709277682048245,Fixed,18
7.1543408552041114,Fixed,12
4.4150481166663855,Fixed,101
7.390338391674352,Fixed,75
7.605574156840659,Fixed,140
6.589547904396788,Fixed,59
6.8359067117350225,Fixed,40
7.0497885614727345,Fixed,138
7.269165808127186,Fixed,85
6.798640532231724,Fixed,185
7.0538358892233965,Fixed,157
6.8336833545775635,Fixed,101
6.209753184831873,Fixed,33
7.257259386671305,Fixed,41
5.9523479118287606,Fixed,53
6.9097845372423325,Fixed,56
6.862765151035768,Fixed,86
7.065386407134318,Fixed,18
7.3745832685028025,Fixed,90
7.255227305875001,Fixed,28
7.319441367992829,Fixed,95
6.220696761026301,Fixed,129
6.770827509584928,Fixed,160
6.465406661627344,Fixed,86
7.754189174519076,Fixed,77
6.878581863310064,Fixed,19
7.814878332341128,Fixed,175
7.465075318597038,Fixed,34
6.026019687340876,Fixed,84
6.844064771796023,Fixed,132
7.209121954632505,Fixed,47
5.115735174156411,Fixed,27
6.650476789640424,Fixed,64
6.451797921451923,Fixed,139
6.94773209934479,Fixed,30
7.793594316077599,Fixed,14
6.595536668803437,Fixed,31
6.247495597989774,Fixed,77
6.8031172192444584,Fixed,70
6.837940880114619,Fixed,130
6.128932778853049,Fixed,86
7.2429047540657345,Fixed,200
5.042492170161673,Fixed,9
6.77698886513125,Fixed,196
6.725967961281895,Fixed,181
6.648571657215613,Fixed,112
5.7608980710003195,Fixed,138
5.672520356540342,Fixed,5
7.539625808565176,Fixed,110
7.064686767995871,Fixed,31
6.967226532843941,Fixed,75
6.939510803913629,Fixed,4
5.161821573749807,Fixed,34
5.486338858958382,Fixed,29
7.7546893780357875,Fixed,80
6.927884433616529,Fixed,89
5.448111095980214,Fixed,20
6.718432678990771,Fixed,47
7.184452285250193,Fixed,166
7.550955331781887,Fixed,99
