freqs,aperiodic_fixed,aperiodic_knee,total_fixed,units
2.0,2.698459047371355e-09,2.3009226499100825e-09,2.8591442550829494e-09,V²/Hz
2.5,2.852757701542427e-09,2.0329761499201644e-09,3.0615823596024726e-09,V²/Hz
3.0,3.4070856908373257e-09,2.26035874872868e-09,4.072759988254126e-09,V²/Hz
3.5,2.6213445677172816e-09,1.7866256893021614e-09,4.104299369365032e-09,V²/Hz
4.0,1.9628676592645125e-09,1.6663951936952326e-09,3.829379884429343e-09,V²/Hz
4.5,1.4035632106676387e-09,1.3891946359017835e-09,2.679376160140184e-09,V²/Hz
5.0,9.962032348438758e-10,1.1207128251628105e-09,1.7631804167157525e-09,V²/Hz
5.5,8.804586810319495e-10,1.0830165389454408e-09,1.5300470041656203e-09,V²/Hz
6.0,9.649194290479333e-10,1.311386562940947e-09,2.122250912169201e-09,V²/Hz
6.5,8.459479439646725e-10,1.3142540198941922e-09,2.606762970517297e-09,V²/Hz
7.0,7.581794660418247e-10,1.3354286111415475e-09,2.821921488425951e-09,V²/Hz
7.5,6.345674711936529e-10,1.248575942986726e-09,2.3201991296055043e-09,V²/Hz
8.0,5.864307092392791e-10,1.254789591779007e-09,2.0049022376814322e-09,V²/Hz
8.5,5.229419751336496e-10,1.2078698967726736e-09,1.6588074098959277e-09,V²/Hz
9.0,4.819386069317961e-10,1.231925834984884e-09,1.5674213665824142e-09,V²/Hz
9.5,4.5386773082270094e-10,1.275387095037731e-09,1.5999104345284255e-09,V²/Hz
10.0,4.335011166198684e-10,1.333254172349475e-09,1.6571227344789613e-09,V²/Hz
10.5,3.889974054978154e-10,1.3096532524222945e-09,1.611830448198195e-09,V²/Hz
11.0,3.6083267161510555e-10,1.2926921411870086e-09,1.566702668713411e-09,V²/Hz
11.5,3.302697570655815e-10,1.2609975321105946e-09,1.5131694776773877e-09,V²/Hz
12.0,3.020589056112366e-10,1.2366627249185465e-09,1.4812603581294604e-09,V²/Hz
12.5,2.8814113772165866e-10,1.2484239238169031e-09,1.4857798072804748e-09,V²/Hz
13.0,2.715058514191896e-10,1.248044028793701e-09,1.4841327157032623e-09,V²/Hz
13.5,2.5048681996520225e-10,1.2077479577883274e-09,1.418307405784408e-09,V²/Hz
14.0,2.4119258025588634e-10,1.1973815819262297e-09,1.3954391320909152e-09,V²/Hz
14.5,2.255929188719739e-10,1.1424607060989309e-09,1.3258624402567113e-09,V²/Hz
15.0,2.1602686032407786e-10,1.1066345190488641e-09,1.2769184608972123e-09,V²/Hz
15.5,2.095860164879865e-10,1.0884244982075216e-09,1.2437384079792733e-09,V²/Hz
16.0,2.0041936949893382e-10,1.0413909176109113e-09,1.1835240530978217e-09,V²/Hz
16.5,1.9540096653171808e-10,1.0247124837779288e-09,1.1497607162820685e-09,V²/Hz
17.0,1.8506813691983593e-10,9.784158563233497e-10,1.090716027134285e-09,V²/Hz
17.5,1.7701731916275806e-10,9.488948026591926e-10,1.0471802100396863e-09,V²/Hz
18.0,1.6702341088882154e-10,9.069574194012231e-10,9.929543799342071e-10,V²/Hz
18.5,1.59227662523062e-10,8.722704172003601e-10,9.484209357380544e-10,V²/Hz
19.0,1.5273111353903973e-10,8.399266395779752e-10,9.056188400458054e-10,V²/Hz
19.5,1.453067050077712e-10,7.948691928157712e-10,8.511293038736739e-10,V²/Hz
20.0,1.4104171680882635e-10,7.561940769931278e-10,8.029725614294827e-10,V²/Hz
20.5,1.3587505765778003e-10,7.152565823189309e-10,7.555675034703387e-10,V²/Hz
21.0,1.3234354142049104e-10,6.696250265251468e-10,7.032914811979753e-10,V²/Hz
21.5,1.2802156137685605e-10,6.26494375094576e-10,6.546853186751495e-10,V²/Hz
22.0,1.2409424593561248e-10,5.75643975084673e-10,5.995350792306768e-10,V²/Hz
22.5,1.211725607509727e-10,5.347494418646706e-10,5.55691358647334e-10,V²/Hz
23.0,1.1840760843723875e-10,4.973248499063682e-10,5.162644655612411e-10,V²/Hz
23.5,1.1557991291606314e-10,4.630912768412743e-10,4.806996738130432e-10,V²/Hz
24.0,1.128005355311973e-10,4.3300815194335e-10,4.496177299020845e-10,V²/Hz
24.5,1.0908556917352294e-10,3.9889046133212106e-10,4.149454374214397e-10,V²/Hz
25.0,1.0476545896353933e-10,3.663572738596741e-10,3.8143149979422865e-10,V²/Hz
25.5,1.0039012803213713e-10,3.3649627958911954e-10,3.5072297505718095e-10,V²/Hz
26.0,9.677997508705339e-11,3.0881474362951365e-10,3.2243017581670633e-10,V²/Hz
26.5,9.235659176613668e-11,2.8103924805871956e-10,2.938592530666195e-10,V²/Hz
27.0,8.961834343314958e-11,2.5654107865073946e-10,2.685626777464934e-10,V²/Hz
27.5,8.667388246448807e-11,2.3298216589991485e-10,2.445161749051747e-10,V²/Hz
28.0,8.538468776116039e-11,2.1223556863354837e-10,2.2314491227646797e-10,V²/Hz
28.5,8.446277372949835e-11,1.937366045553252e-10,2.042398205615065e-10,V²/Hz
29.0,8.375069387523204e-11,1.7439649526840172e-10,1.8419726203717707e-10,V²/Hz
29.5,8.350919117461707e-11,1.5884086434661207e-10,1.6786416764163856e-10,V²/Hz
30.0,8.371657822843645e-11,1.4458652228423537e-10,1.5276806716145013e-10,V²/Hz
30.5,8.298968499909406e-11,1.3131162491487762e-10,1.382319295329817e-10,V²/Hz
31.0,8.223984493596288e-11,1.193332375216113e-10,1.252994476583381e-10,V²/Hz
31.5,8.103824269536122e-11,1.0876153332631261e-10,1.135613949595437e-10,V²/Hz
32.0,7.984517838865297e-11,1.0011571891807335e-10,1.0404872967489926e-10,V²/Hz
32.5,7.698555665221558e-11,9.069859142447392e-11,9.395012142983384e-11,V²/Hz
33.0,7.400310775776221e-11,8.27938163534728e-11,8.56391654869953e-11,V²/Hz
33.5,7.070101665451205e-11,7.580816864638666e-11,7.83414618872845e-11,V²/Hz
34.0,6.660607041819615e-11,6.900048801244128e-11,7.140839644068383e-11,V²/Hz
34.5,6.258927481769665e-11,6.326384878764723e-11,6.550485293445992e-11,V²/Hz
35.0,5.885135153598413e-11,5.853173107007059e-11,6.057724464005124e-11,V²/Hz
35.5,5.4923924859614694e-11,5.414942765485457e-11,5.5925124622503304e-11,V²/Hz
36.0,5.1257681334749174e-11,5.026655195136963e-11,5.183591292557941e-11,V²/Hz
36.5,4.7950797599686073e-11,4.6930216408238986e-11,4.828862389064106e-11,V²/Hz
37.0,4.4466894568064023e-11,4.358114279255523e-11,4.466714083838628e-11,V²/Hz
37.5,4.129461113058689e-11,4.0574876327997255e-11,4.1417611294490206e-11,V²/Hz
38.0,3.836444072659356e-11,3.7814284885488646e-11,3.844058822338435e-11,V²/Hz
38.5,3.550072978958435e-11,3.503639324016522e-11,3.5543588589696914e-11,V²/Hz
39.0,3.339220990623185e-11,3.297055341657792e-11,3.3416199770814467e-11,V²/Hz
39.5,3.119489106894141e-11,3.0826629859287025e-11,3.12080807976729e-11,V²/Hz
40.0,2.941781336461027e-11,2.911143494692552e-11,2.94247854929961e-11,V²/Hz
