Channel	Mean_Value	Positions
MEG0111	0.22580469330296857	[-0.07917783  0.05162778]
MEG0121	0.27096552242156535	[-0.06353137  0.05796916]
MEG0131	0.2840493530949029	[-0.07306393  0.03320063]
MEG0141	0.22624804169870788	[-0.08729516  0.01997238]
MEG0211	0.383311609542058	[-0.06012539  0.03112813]
MEG0221	0.4718811909182622	[-0.04653875  0.03178404]
MEG0231	0.46095832030520834	[-0.04972915  0.00958023]
MEG0241	0.3528247860384038	[-0.06316712  0.00639842]
MEG0311	0.31281361795445456	[-0.04109149  0.06914696]
MEG0321	0.42219700708530267	[-0.03907986  0.05081755]
MEG0331	0.43228455871894367	[-0.02737453  0.04594114]
MEG0341	0.36141204526193216	[-0.05229797  0.05245499]
MEG0411	0.5009210297160618	[-0.0333981  0.0293631]
MEG0421	0.5151516676697481	[-0.01990452  0.02729548]
MEG0431	0.5444997715062188	[-0.02086283  0.0097443 ]
MEG0441	0.5184520688410094	[-0.03546709  0.01030442]
MEG0511	0.26934438030046004	[-0.02758016  0.07916023]
MEG0521	0.2436921963137643	[-0.01358655  0.08438625]
MEG0531	0.30383966413805436	[-0.01257771  0.07149513]
MEG0541	0.3422490518592817	[-0.02687684  0.06468805]
MEG0611	0.390865885055262	[-0.01276617  0.05754249]
MEG0621	0.4328230867471636	[0.0006164  0.04393205]
MEG0631	0.4968585127012909	[-0.00632393  0.02822979]
MEG0641	0.45406929483358277	[-0.01323791  0.04314503]
MEG0711	0.5242414487651129	[-0.0064962   0.01196878]
MEG0721	0.5119949180525456	[0.00773153 0.01181875]
MEG0731	0.4698691191162939	[ 0.00781366 -0.00338581]
MEG0741	0.46926889006194467	[-0.00669558 -0.00330056]
MEG0811	0.23762450686413988	[0.00062186 0.08612124]
MEG0821	0.2999475774607597	[0.00061835 0.07316222]
MEG0911	0.2505209864632641	[0.01474287 0.08443054]
MEG0921	0.27683262726337815	[0.02885861 0.0791216 ]
MEG0931	0.34698421818872344	[0.02805091 0.06472083]
MEG0941	0.3125467440386507	[0.01378827 0.07155717]
MEG1011	0.36600109469804953	[0.00061659 0.05944545]
MEG1021	0.3901557790700354	[0.01388913 0.05755029]
MEG1031	0.4562670435328635	[0.01431151 0.04316669]
MEG1041	0.5144346687094699	[0.00760238 0.02834821]
MEG1111	0.5266735910323701	[0.02098397 0.02724378]
MEG1121	0.49580209563769334	[0.03451189 0.02930652]
MEG1131	0.5344564029496439	[0.03654966 0.01013508]
MEG1141	0.5499513797769363	[0.02196725 0.00989824]
MEG1211	0.31297183606452567	[0.04244096 0.06909526]
MEG1221	0.3618583664136593	[0.05372723 0.05225033]
MEG1231	0.41523631897767943	[0.04023833 0.05081755]
MEG1241	0.4418686684285929	[0.02844266 0.04597879]
MEG1311	0.4745908154677056	[0.04769741 0.03178404]
MEG1321	0.37681621286366423	[0.0612423  0.03096366]
MEG1331	0.3516198631941126	[0.0644842  0.00620137]
MEG1341	0.46028711279497375	[0.05083689 0.00958023]
MEG1411	0.2639786362926242	[0.06480572 0.05806164]
MEG1421	0.21529296952181892	[0.08000014 0.05216156]
MEG1431	0.21061658327760308	[0.08829072 0.02027243]
MEG1441	0.27630474890934115	[0.07406944 0.03305723]
MEG1511	0.25328542415553407	[-0.07677971  0.00396636]
MEG1521	0.247189992052061	[-0.0722295  -0.02191305]
MEG1531	0.1899155677526488	[-0.07723721 -0.04034606]
MEG1541	0.19726911442901085	[-0.08653078 -0.01192436]
MEG1611	0.34990307962097716	[-0.06048944 -0.0155424 ]
MEG1621	0.4390346953319739	[-0.04770776 -0.01055206]
MEG1631	0.4031919244883106	[-0.03894583 -0.02837695]
MEG1641	0.3407102163586864	[-0.05136307 -0.03537502]
MEG1711	0.19477720610346694	[-0.06035287 -0.06401172]
MEG1721	0.23221608951438255	[-0.06079789 -0.04522812]
MEG1731	0.2499230701868705	[-0.04348434 -0.06300815]
MEG1741	0.18876199485973721	[-0.03839313 -0.08072242]
MEG1811	0.4992429026071763	[-0.03430783 -0.00736205]
MEG1821	0.4923194882506255	[-0.02058443 -0.00592537]
MEG1831	0.41170291469097153	[-0.00689634 -0.01789135]
MEG1841	0.4340107866863948	[-0.02375414 -0.02371671]
MEG1911	0.38003411996957254	[-0.02532095 -0.04121833]
MEG1921	0.342736971582023	[-0.01925739 -0.06060242]
MEG1931	0.24443049668973285	[-0.02255899 -0.07438026]
MEG1941	0.33031719791958625	[-0.03706745 -0.05071265]
MEG2011	0.39152183066631563	[-0.00784977 -0.03303993]
MEG2021	0.36649670852292876	[ 0.00891283 -0.03301691]
MEG2031	0.3573361398317993	[ 0.00923884 -0.04802013]
MEG2041	0.37015213050336493	[-0.00807998 -0.04796219]
MEG2111	0.33272114164964606	[ 0.00052002 -0.06377077]
MEG2121	0.23892179255696921	[ 0.00057933 -0.07811341]
MEG2131	0.18478420658197806	[ 0.01407896 -0.08946465]
MEG2141	0.18670747561033055	[-0.01299795 -0.08944845]
MEG2211	0.4767290133559516	[ 0.02169353 -0.00587523]
MEG2221	0.4891632768655581	[ 0.03544971 -0.00723856]
MEG2231	0.4159383071718731	[ 0.02493309 -0.0238404 ]
MEG2241	0.4024828573514082	[ 0.00810202 -0.01791028]
MEG2311	0.3707576978833424	[ 0.02646362 -0.04124486]
MEG2321	0.32834024794489564	[ 0.03804624 -0.05075069]
MEG2331	0.24198603127337598	[ 0.0236439  -0.07436699]
MEG2341	0.33051228542290717	[ 0.02020808 -0.06063383]
MEG2411	0.4239121455504929	[ 0.04888106 -0.01037042]
MEG2421	0.33578370170594396	[ 0.06152987 -0.01565458]
MEG2431	0.32817691176060443	[ 0.05233503 -0.0355032 ]
MEG2441	0.386961442662805	[ 0.04010449 -0.02837695]
MEG2511	0.2448092196388659	[ 0.04454057 -0.06303487]
MEG2521	0.22345794278105346	[ 0.06193723 -0.04513292]
MEG2531	0.18200788626551923	[ 0.06140794 -0.06407473]
MEG2541	0.18254540252424015	[ 0.03945209 -0.08076729]
MEG2611	0.23608239868551514	[0.07775537 0.0039728 ]
MEG2621	0.18250568070733814	[ 0.08759228 -0.01181315]
MEG2631	0.17524882383719995	[ 0.07815474 -0.04057159]
MEG2641	0.2227829901420949	[ 0.07331851 -0.02188554]
