Parameter	Effect	basic_main_Estimate	basic_main_SE	basic_main_T-stat	basic_main_DF	basic_main_P-val	basic_main_P-corrected	onecov_emptyroom_Estimate	onecov_emptyroom_SE	onecov_emptyroom_T-stat	onecov_emptyroom_DF	onecov_emptyroom_P-val	onecov_emptyroom_P-corrected	onecov_ecg_Estimate	onecov_ecg_SE	onecov_ecg_T-stat	onecov_ecg_DF	onecov_ecg_P-val	onecov_ecg_P-corrected	sixcov_Estimate	sixcov_SE	sixcov_T-stat	sixcov_DF	sixcov_P-val	sixcov_P-corrected	control_ignorepeaks_Estimate	control_ignorepeaks_SE	control_ignorepeaks_T-stat	control_ignorepeaks_DF	control_ignorepeaks_P-val	control_ignorepeaks_P-corrected	control_nointerpol_Estimate	control_nointerpol_SE	control_nointerpol_T-stat	control_nointerpol_DF	control_nointerpol_P-val	control_nointerpol_P-corrected	control_cardiacMEGonly_Estimate	control_cardiacMEGonly_SE	control_cardiacMEGonly_T-stat	control_cardiacMEGonly_DF	control_cardiacMEGonly_P-val	control_cardiacMEGonly_P-corrected	control_withcardiac_Estimate	control_withcardiac_SE	control_withcardiac_T-stat	control_withcardiac_DF	control_withcardiac_P-val	control_withcardiac_P-corrected	control_ECGchannel_Estimate	control_ECGchannel_SE	control_ECGchannel_T-stat	control_ECGchannel_DF	control_ECGchannel_P-val	control_ECGchannel_P-corrected	control_emptyroom_Estimate	control_emptyroom_SE	control_emptyroom_T-stat	control_emptyroom_DF	control_emptyroom_P-val	control_emptyroom_P-corrected
exponent	Age0	-0.0011296413451213	0.0009129498388525	-1.2373531349117608	131.15891514306082	0.2181666781386291	0.942	-0.0063302795033278	0.0055281845721236	-1.145091923169285	131.48888992239677	0.2542510645172388	0.9657	-0.0056916420624956	0.0055746000711097	-1.0209955853142665	134.57028738505653	0.3090885144050874	0.9874	-0.0013108307682776	0.0008957342544412	-1.463414803864323	128.99015979305432	0.1457864863541624	0.8361	-0.0011296413451213	0.0009129498388525	-1.2373531349117608	131.15891514306082	0.2181666781386291	0.9294	-0.0011325638592084	0.0009132748724646	-1.2401127999416346	131.15864443361883	0.2171476844707474	0.9402	0.0015189779209777	0.0014122343394398	1.075584893071122	119.27861151775834	0.2842837612517408	0.9255	-0.0010950752242425	0.0009027438984553	-1.2130519254865286	131.12936976424302	0.2272906670840661	0.9474	-0.0305898607032203	0.0105282014921896	-2.905516267513818	131.2737525447411	0.0043043592392441	0.0087	0.0003703460835937	0.0001548507264847	2.391632845391622	132.12369438040233	0.0181824955362752	0.1815
exponent	deltaAge	-0.0011302611990214	0.0009825486621975	-1.1503361029401906	131.9387938003374	0.2520861451275468	0.9735	-0.0055927723601269	0.0059785396702875	-0.9354746591249103	131.6728987605155	0.3512562212705958	0.9955	-0.0061316637702717	0.0058922200711048	-1.0406372634215	132.24241736174596	0.299942753609251	0.9875	-0.0001501339131319	0.0011117506470414	-0.1350427935720407	135.0349342959364	0.8927791263804477	1.0	-0.0011302611990214	0.0009825486621975	-1.1503361029401906	131.9387938003374	0.2520861451275468	0.9641	-0.0011527762069415	0.0009828879360094	-1.1728460231404882	131.9385063587046	0.2429707090260863	0.9687	-0.0026141148790387	0.0019787820199023	-1.321072686504279	102.00350920684424	0.1894330297299318	0.8255	-0.0013344245660324	0.0009105530080849	-1.4655100298213497	131.81438363299097	0.1451631248397616	0.8574	-0.0184453379026129	0.0130923931538573	-1.4088591509473964	132.31490295385936	0.1612225086713208	0.4099	0.0009584328210225	0.0003997388095834	2.3976476590333538	136.60138232868795	0.0178527828928961	0.214
exponent	Age0:deltaAge	0.0002018031768517	6.943506675279046e-05	2.9063582176743763	132.36475997092458	0.0042880430251177	0.0597	0.0011930043449038	0.0004146685427827	2.8770071076475947	130.56999228385703	0.0046909694886875	0.0651	0.0012447065822769	0.0004155491791352	2.9953291806934024	132.09659415532835	0.0032745226980431	0.0471	0.0002027682019504	7.000272477603815e-05	2.896575848999425	126.9738380882825	0.004444078030357	0.063	0.0002018031768517	6.943506675279046e-05	2.9063582176743763	132.36475997092458	0.0042880430251177	0.0554	0.0002010313911584	6.945904386965591e-05	2.8942435708689187	132.36446335584412	0.0044465975033127	0.0638	-4.434121404593198e-05	0.0001408468914376	-0.3148185493717388	103.4041900171301	0.7535338060062243	1.0	0.0001849519486242	6.435358908327692e-05	2.873995860353505	132.1882726720704	0.0047245582467315	0.0679	-0.0009629992835171	0.0009249665586536	-1.0411179458410516	132.88467925548366	0.2997113095895331	0.6587	-1.586248219453281e-05	2.814014929082466e-05	-0.5636957370267012	139.11210228721484	0.573868785736885	1.0
theta_band_power	Age0	0.0040385471320457	0.0010780759705556	3.7460691475799193	131.16289018382645	0.0002680190403895	0.003	0.0194564892610275	0.0053044363537139	3.667965446961183	130.47930404969196	0.0003548613590001	0.0042	0.0199482295115096	0.0053679118284958	3.7161991755552455	130.2940530831836	0.0002990512187791	0.0033	0.003932425579277	0.0010880255040972	3.6142770224304313	130.64462359222833	0.0004285869075017	0.0051	0.0040385471320457	0.0010780759705556	3.7460691475799193	131.16289018382645	0.0002680190403895	0.003	0.0040988437183072	0.001081943568516	3.7884080441728782	131.16577666592778	0.000230022165177	0.0024	5.342587558726569e-05	0.0008425265034627	0.0634115073741748	118.25618887254298	0.9495458844554884	1.0	0.0035836836892666	0.0010318872639471	3.4729410997461505	131.15446127353474	0.0006978520328365	0.0085	-0.0002543903739272	0.0006767108789106	-0.3759218033213233	127.02942903057716	0.7076020919042163	0.9732	-2.167065425627214e-05	8.081549787965685e-05	-0.2681497339599655	132.1695016017595	0.7890021175126151	1.0
theta_band_power	deltaAge	0.003294344790201	0.0010639244441258	3.096408592160575	131.81864670431816	0.0023935034908261	0.0376	0.0144166983699021	0.0055097907864232	2.616560034443886	137.14860593833995	0.0098779729915027	0.1418	0.0152720121656911	0.0052813256743897	2.891700513707834	132.0210200543674	0.0044823090985727	0.0681	0.0031077241601345	0.0011971486138504	2.595938485982011	135.1319926172722	0.0104762666591241	0.1465	0.003294344790201	0.0010639244441258	3.096408592160575	131.81864670431816	0.0023935034908261	0.0343	0.0035730108268755	0.0010774368330288	3.316213737404329	131.83349476756206	0.0011790532638262	0.0197	-0.0023448216364598	0.0012657348030928	-1.852537854478056	98.08799473446533	0.0669555644873031	0.4517	0.0024851691251444	0.0009763799119498	2.545289077262501	131.75729460061356	0.0120710686778867	0.166	-0.0002596490863121	0.0010687899872088	-0.2429374240212121	126.7750581005249	0.8084464977651991	0.993	-0.000972559307757	0.000211347933769	-4.601697733273547	136.76450891898554	9.462242374220453e-06	0.0001
theta_band_power	Age0:deltaAge	6.339588532157385e-05	7.519544092021474e-05	0.8430815026251303	132.17648717924914	0.4007059414969395	0.9986	0.0002716278367397	0.0003765069144585	0.7214418283138337	130.95084597278603	0.4719238553665572	0.9998	0.0003471043557789	0.0003701338374989	0.937780663676734	131.42202962005405	0.3500773540334497	0.9956	4.94424724518893e-05	7.511759090917668e-05	0.6582009866592939	128.4812702687893	0.5115866615461844	1.0	6.339588532157385e-05	7.519544092021474e-05	0.8430815026251303	132.17648717924914	0.4007059414969395	0.9975	7.158368549745494e-05	7.614951667838555e-05	0.9400412323007352	132.19789524963866	0.3489108934734605	0.9943	-0.0002286161695787	9.07896757301126e-05	-2.518085539355724	100.63208443830224	0.0133760250274917	0.117	4.786645761810074e-05	6.90118079526264e-05	0.6935980818088258	132.08612472233702	0.489152226377925	0.9999	-5.8464684824961816e-05	7.480864328134135e-05	-0.7815231270147093	126.42883202125336	0.4359559487843181	0.8162	8.553530365406763e-07	1.4876289778613272e-05	0.057497739642741	139.34302307220105	0.9542310762470708	1.0
theta_peak_freq	Age0	0.003091513123399	0.0031209001239364	0.990583806155148	131.29275629310757	0.3237109412512358	0.9901	0.003091513123399	0.0031209001239364	0.990583806155148	131.29275629310757	0.3237109412512358	0.9904	0.003091513123399	0.0031209001239364	0.990583806155148	131.29275629310757	0.3237109412512358	0.9902	0.0036511374706254	0.0031982422707562	1.1416075336162854	131.49807950353144	0.2556918047351708	0.9672	0.003091513123399	0.0031209001239364	0.990583806155148	131.29275629310757	0.3237109412512358	0.9867	0.003574957156446	0.0031242572682568	1.1442582506787888	131.26221910100662	0.2545988707724739	0.9686	0.0015036929950896	0.005564718129747	0.2702190766952578	126.6170609527662	0.7874316619745851	1.0	0.0017002657560799	0.0031283444014109	0.5435033800348513	131.25599255921378	0.5877051661078132	1.0	-0.0010461902868978	0.005516282311907	-0.1896549574048549	128.96639775011926	0.8498776915519387	0.9967	0.0012189692844303	0.0012122099145896	1.0055760720642508	261.9999999967119	0.3155473366676567	0.9857
theta_peak_freq	deltaAge	-0.0009651327189061	0.0048167871126998	-0.2003685644236715	132.8962452526474	0.8414986447344602	1.0	-0.0009651327189061	0.0048167871126998	-0.2003685644236715	132.8962452526474	0.8414986447344602	1.0	-0.0009651327189061	0.0048167871126998	-0.2003685644236715	132.8962452526474	0.8414986447344602	1.0	-0.0022556558583483	0.0052802622574753	-0.4271863305946501	142.32600462280044	0.6698891763032089	1.0	-0.0009651327189061	0.0048167871126998	-0.2003685644236715	132.8962452526474	0.8414986447344602	1.0	-0.0007234023679356	0.004745066518709	-0.1524535778546811	132.8150011317109	0.8790605588523034	1.0	0.0120492308923288	0.0088732718339808	1.3579242378426166	108.111309822159	0.1773150824197752	0.8036	-0.0018150108365598	0.0044908231073723	-0.4041599486695968	132.64327580123887	0.6867460049914929	1.0	-0.0057301641307841	0.0086118989026826	-0.6653775428087177	128.60743003697337	0.5070005869337724	0.8797	0.0016158108626606	0.0032407094314843	0.4985978832173535	261.99999999422926	0.6184810206567466	1.0
theta_peak_freq	Age0:deltaAge	0.0003424618278266	0.0003401031751286	1.0069351093153396	133.7774248249715	0.3157837915318521	0.9904	0.0003424618278266	0.0003401031751286	1.0069351093153396	133.7774248249715	0.3157837915318521	0.9902	0.0003424618278266	0.0003401031751286	1.0069351093153396	133.7774248249715	0.3157837915318521	0.9905	0.0002827668419456	0.0003362148307976	0.8410302462708701	130.43599557318612	0.4018701549404259	0.9984	0.0003424618278266	0.0003401031751286	1.0069351093153396	133.7774248249715	0.3157837915318521	0.9875	0.0003328260052502	0.0003350567999175	0.9933420403113764	133.66800086737388	0.3223380888006437	0.9919	0.0006944630332862	0.000635952935621	1.0920038172448394	110.88511655724386	0.2771983860169353	0.9321	0.0004268842706718	0.0003171588151569	1.34596375781188	133.40443092935254	0.180597067704662	0.9186	-0.0010867033921748	0.0006027697344573	-1.8028499608613957	128.25551360249705	0.0737597736606104	0.2138	2.6717036030516165e-05	0.0002280567177411	0.1171508399100832	261.99999999473454	0.9068302766133144	1.0
alpha_band_power	Age0	-0.0013161799842992	0.001674660128182	-0.7859385687578614	131.08842686181222	0.4333218186741447	0.9988	-0.004703090156488	0.0057244146046607	-0.8215844730496815	128.10312530256007	0.412839875929702	0.9985	-0.003617681371044	0.0057337364868292	-0.6309465702433437	132.92202906310462	0.529158859246105	0.9998	-0.0010804562462946	0.0016142964457023	-0.6693047297298312	129.95612827213156	0.5044884503178837	1.0	-0.0013161799842992	0.001674660128182	-0.7859385687578614	131.08842686181222	0.4333218186741447	0.9982	-0.0013286148071647	0.0016660002396491	-0.7974877647343821	131.08908797234224	0.4266099769546189	0.9985	-0.0013322811625972	0.0009145702221685	-1.4567292158695748	108.794589458223	0.148071260689662	0.7002	-0.001398059061426	0.0016551085656647	-0.844693266912419	131.08626781508502	0.3998211278158069	0.9978							-0.0001265381703793	0.0001922737732246	-0.6581145637137361	131.68880881071053	0.5116133677677823	0.9999
alpha_band_power	deltaAge	-0.0060402240294349	0.0011735153899562	-5.147119570080919	131.41908699920992	9.414162865585138e-07	0.0	-0.0209186825989531	0.0040860931091186	-5.119482606079229	127.6956552640722	1.0986330496306955e-06	0.0	-0.0205281619786196	0.0040120875089403	-5.116578821592457	130.73784728113847	1.0838480665109612e-06	0.0	-0.006910467244461	0.0012949842982209	-5.336332845081231	131.55366583989388	4.0269447071908267e-07	0.0	-0.0060402240294349	0.0011735153899562	-5.147119570080919	131.41908699920992	9.414162865585138e-07	0.0	-0.0060603490374399	0.0011711731606791	-5.174596926321139	131.4218512251732	8.332726830193761e-07	0.0001	-0.0023390605381129	0.0012540094556372	-1.8652654711637384	81.7652371206892	0.065731194684733	0.4418	-0.0060767896967625	0.001143257129257	-5.3153306821812345	131.40754677266094	4.434546915004603e-07	0.0							0.0020947477145041	0.000388648021556	5.389832440461507	134.43761937810538	3.069999348243617e-07	0.0
alpha_band_power	Age0:deltaAge	-0.0001759995826928	8.296902003645658e-05	-2.121268668902302	131.59907831669958	0.0357743562869863	0.3946	-0.0006213085553195	0.0002893517256835	-2.147243303463234	128.0186456701695	0.0336585848969103	0.3765	-0.0005988951040766	0.0002835967897636	-2.1117837919664475	130.87929303818058	0.0366057718178577	0.4028	-0.0001733631708137	8.073751635995052e-05	-2.1472442877839995	127.70998536159946	0.033663089872399	0.377	-0.0001759995826928	8.296902003645658e-05	-2.121268668902302	131.59907831669958	0.0357743562869863	0.3703	-0.0001768536659656	8.280323996849587e-05	-2.135830265010871	131.60299617563766	0.0345448539650082	0.3917	-0.0001511126400741	8.938338266916663e-05	-1.6906122319564645	83.5513468232643	0.0946384772145832	0.5656	-0.0001667942773182	8.0830508347495e-05	-2.0635064745753624	131.5824234849845	0.0410303097366794	0.4392							-5.919888277313488e-06	2.7408907641190436e-05	-0.2159841010379052	135.96065976850417	0.8293238409942496	1.0
alpha_peak_freq	Age0	-0.0158889833324698	0.0034221563099748	-4.642974164025423	131.15302862235586	8.230525375249941e-06	0.0001	-0.0158889833324698	0.0034221563099748	-4.642974164025423	131.15302862235586	8.230525375249941e-06	0.0001	-0.0158889833324698	0.0034221563099748	-4.642974164025423	131.15302862235586	8.230525375249941e-06	0.0001	-0.0147551627296946	0.0033390905314555	-4.418916645324583	129.4856614051473	2.07599169299058e-05	0.0003	-0.0158889833324698	0.0034221563099748	-4.642974164025423	131.15302862235586	8.230525375249941e-06	0.0	-0.0156178708253692	0.0034427808664556	-4.536411532183258	131.14739898899722	1.2775047172976658e-05	0.0	0.0037352908344804	0.0059608729531474	0.6266348677181857	108.15504774670632	0.5322190516775701	0.9974	-0.0160489842796803	0.0033120550629095	-4.845627254029378	131.1513589360738	3.504145512831322e-06	0.0							-0.0013140213193791	0.0015403443951221	-0.8530698222685437	131.99211703476547	0.3951659691668723	0.9967
alpha_peak_freq	deltaAge	-0.0162789284627137	0.0031487113985067	-5.170028752217086	131.72305957743913	8.48149530782865e-07	0.0	-0.0162789284627137	0.0031487113985067	-5.170028752217086	131.72305957743913	8.48149530782865e-07	0.0	-0.0162789284627137	0.0031487113985067	-5.170028752217086	131.72305957743913	8.48149530782865e-07	0.0	-0.0195658424048513	0.0035746152679242	-5.473551959680691	133.66034845668315	2.106340102404868e-07	0.0	-0.0162789284627137	0.0031487113985067	-5.170028752217086	131.72305957743913	8.48149530782865e-07	0.0	-0.0157773010081019	0.0031070864797968	-5.077844183189028	131.695830258192	1.2753444161571691e-06	0.0001	0.0086528747233162	0.012699789658765	0.6813400029302267	99.55007544642976	0.4972383137093451	0.9972	-0.0150692649911513	0.0030970436616689	-4.865693428109667	131.74010037718546	3.202680441759488e-06	0.0							0.0093100064173316	0.0037523171920662	2.481135240116828	135.98117033582452	0.0143161100413733	0.1789
alpha_peak_freq	Age0:deltaAge	-3.300830849051504e-05	0.000222562611229	-0.1483102139583546	132.03391597539496	0.8823242196852712	1.0	-3.300830849051504e-05	0.000222562611229	-0.1483102139583546	132.03391597539496	0.8823242196852712	1.0	-3.300830849051504e-05	0.000222562611229	-0.1483102139583546	132.03391597539496	0.8823242196852712	1.0	-4.3184064355390325e-05	0.0002241390438343	-0.1926664074970286	127.30097005393796	0.8475272633685299	1.0	-3.300830849051504e-05	0.000222562611229	-0.1483102139583546	132.03391597539496	0.8823242196852712	1.0	2.3997055782764903e-05	0.0002196253284484	0.1092636079467451	131.99485900236368	0.9131593467625216	1.0	0.0003844941335429	0.0008992255190299	0.4275836543848725	102.99930955041444	0.6698468923304914	0.9999	1.515002172445992e-05	0.0002189062929375	0.0692077944455571	132.06120989145083	0.9449289024670476	1.0							0.000271140863413	0.000264284684691	1.0259423989325505	138.21052396950518	0.3067109797595197	0.9865
beta_band_power	Age0	0.0015542583077546	0.0007627732573252	2.037641321098259	131.08246323780864	0.0435980462617659	0.4109	0.0118202971820612	0.0056734166224112	2.083453052851497	128.95103954983097	0.0391847565620561	0.378	0.0115550763929541	0.0055883116013523	2.067722277719425	126.94742236543225	0.0406973795528561	0.389	0.0018257815742042	0.0007520196517273	2.427837583779379	130.06844067566144	0.016557300593742	0.1817	0.0016829683814814	0.000809569824153	2.078842777078713	124.72415704493262	0.0396814156585125	0.3527	0.0015580772208996	0.0007323633605673	2.127464732387193	131.11049793785568	0.0352536704288772	0.344	-0.0026213254048638	0.0009982528192668	-2.6259133500761287	122.86391458569216	0.0097404791106157	0.0717	0.00140789830987	0.0007503767957598	1.87625512652526	131.08107193043685	0.0628438814099189	0.5319							0.0001997459104038	0.0002338678067685	0.8540975056113599	131.88831363258242	0.3945996379105426	0.9967
beta_band_power	deltaAge	-0.003129626644653	0.0005862452960436	-5.338425170783746	131.48026801096125	3.991791751101627e-07	0.0	-0.0209380146408817	0.0051706961239463	-4.049360886615327	148.657098058336	8.23892984791096e-05	0.0013	-0.0226237111165128	0.0044187189056981	-5.119970651977564	127.10129389949492	1.1020854166966188e-06	0.0	-0.0035374335190255	0.0006515770853009	-5.429033032049756	132.23351477550247	2.6223197994844134e-07	0.0	-0.0032750856628852	0.0006288865863564	-5.207752453204513	115.27410328227536	8.448509984707765e-07	0.0	-0.0003005682529173	0.0006269642878538	-0.4794025094255534	131.60401931269772	0.6324479992144458	1.0	-0.0031781286777294	0.0013815051027423	-2.3004827643565924	105.38914711189096	0.023390190025806	0.2033	-0.0032021444022447	0.0005718740126721	-5.599387856920231	131.47217252068657	1.2039141251183876e-07	0.0							-0.0033767762711989	0.0005995234312029	-5.632434189308394	136.3045564625597	9.773648129090327e-08	0.0
beta_band_power	Age0:deltaAge	-0.0002070364768539	4.144539899764466e-05	-4.995403153574485	131.6968946083001	1.8294432181512912e-06	0.0	-0.0014828548601118	0.0003066050794471	-4.836367560463975	128.8363913702436	3.705446019566216e-06	0.0001	-0.0015000387287337	0.0003101229834001	-4.8369157044980815	126.69069640123637	3.755043923431568e-06	0.0001	-0.0002137966915796	4.067433534098964e-05	-5.256304492434028	127.81909395081117	5.983984674061721e-07	0.0	-0.0001961733805883	4.474531678920264e-05	-4.384221515573923	114.44159262278414	2.5979711584828425e-05	0.0002	-0.0002106028436155	4.431968250031195e-05	-4.751903256844135	131.87297640888937	5.19163147672118e-06	0.0002	-0.0003063987642913	9.83420200161879e-05	-3.115644403490435	106.76308081932186	0.0023576713264031	0.0228	-0.0002159931986012	4.0429680731321534e-05	-5.342441362241622	131.68516507108762	3.912022220705415e-07	0.0							-6.979798313816322e-05	4.220698860953936e-05	-1.6537067778957324	138.78004299498153	0.1004473351977253	0.7316
beta_peak_freq	Age0	-0.031645563210444	0.0127713155375678	-2.4778624502194835	131.0542507886175	0.0144890497257346	0.1656	-0.031645563210444	0.0127713155375678	-2.4778624502194835	131.0542507886175	0.0144890497257346	0.1658	-0.031645563210444	0.0127713155375678	-2.4778624502194835	131.0542507886175	0.0144890497257346	0.1662	-0.0332988957157533	0.0129656713444816	-2.5682353679222114	130.17971637914226	0.0113504232183056	0.1318	-0.0240331821827313	0.0127739410378655	-1.8814226644298977	120.9467698338666	0.0623184497634941	0.4941	-0.029264496380836	0.012046859663754	-2.4292219879414363	131.06306372657852	0.0164864919159986	0.187	0.0114865183152478	0.0199632491477811	0.5753832069227351	117.9269410934073	0.5661284277443315	0.9988	-0.029405586724763	0.0124598595616772	-2.360025534734416	131.0545487998887	0.019749327556351	0.2147							0.0059680940415797	0.0067498994383942	0.8841752526908028	131.0349190642382	0.3782210576110085	0.9957
beta_peak_freq	deltaAge	-0.0611823754126942	0.0092612529196691	-6.606274112518234	131.40834425550332	8.936749803545952e-10	0.0	-0.0611823754126942	0.0092612529196691	-6.606274112518234	131.40834425550332	8.936749803545952e-10	0.0	-0.0611823754126942	0.0092612529196691	-6.606274112518234	131.40834425550332	8.936749803545952e-10	0.0	-0.0567183193839751	0.0105409730359419	-5.380747981289843	131.87008179504207	3.281160228721008e-07	0.0	-0.0513855442945708	0.0100197316468189	-5.128435182282004	111.56768355948913	1.241562415393394e-06	0.0	0.0108094623578041	0.0100954507560476	1.0707260744478142	131.5359305575572	0.286253377844321	0.9846	-0.0156425697694914	0.0403344585247723	-0.3878214891588102	110.29499866029904	0.6988955973486138	1.0	-0.0601805588839629	0.0091005675392164	-6.612835806627538	131.4137686321831	8.643532192036315e-10	0.0							-0.2932064308311008	0.0177610753765462	-16.50837151551558	135.6882751844853	2.9380926150093963e-34	0.0
beta_peak_freq	Age0:deltaAge	-0.0012757669618554	0.0006547663639423	-1.948430817633944	131.60112874703762	0.0534915307065767	0.5221	-0.0012757669618554	0.0006547663639423	-1.948430817633944	131.60112874703762	0.0534915307065767	0.5187	-0.0012757669618554	0.0006547663639423	-1.948430817633944	131.60112874703762	0.0534915307065767	0.5206	-0.0012490828944596	0.0006573256818933	-1.9002496462056309	127.93244185154838	0.0596506998669958	0.5578	-0.0009905372885246	0.0007129298553079	-1.389389546741309	110.72440127913968	0.1675020242328158	0.8825	-0.0006777255410818	0.0007136558574218	-0.9496531613013652	131.7936159610967	0.3440267031357465	0.9942	0.0018706871479544	0.0028612008098181	0.6538119035669316	112.76267063667966	0.5145640988795517	0.9984	-0.0008678992865145	0.0006434025607572	-1.348921094583435	131.60935161510866	0.179678670747326	0.9169							3.493015651686756e-05	0.0012500865919955	0.0279421895575318	138.30182410776638	0.9777485388046554	1.0
gamma_band_power	Age0	7.63902924909544e-05	0.000125257879649	0.6098641674679794	130.86351190871966	0.54300931017582	0.9999	0.0005678915112883	0.0049206150368099	0.1154106767223483	141.46392942332878	0.9082832771384072	1.0	0.002715694544574	0.0047892101409819	0.5670443485733566	130.58599436472977	0.5716574870075246	1.0	3.774275163334872e-05	0.0001292734506517	0.2919605800191046	132.1498179986443	0.7707746019113307	1.0	7.63902924909544e-05	0.000125257879649	0.6098641674679794	130.86351190871966	0.54300931017582	0.9998	8.115078439976481e-05	0.0001253796652996	0.6472403974424771	132.1008473434815	0.5185995216242354	0.9999							0.0001157784926194	0.0001273111136998	0.9094138701229244	131.4891749172245	0.3647956432285046	0.9952							-0.0001493333814494	0.0001187587745669	-1.2574513503867402	261.999999994325	0.2097099301861082	0.9275
gamma_band_power	deltaAge	-0.0005783247752794	0.0002466367886093	-2.3448439243002577	133.8893686932884	0.0205050367381887	0.2596	-0.0262148954805783	0.009621300361039	-2.72467280896188	140.65096605142026	0.0072539324027257	0.1067	-0.0205760253942895	0.0096278734320929	-2.137130856509058	141.82307912721828	0.0343028006831183	0.3863	-0.0004714119779387	0.0002695313497214	-1.7490061116301272	147.63055661125327	0.0823682607301918	0.6731	-0.0005783247752794	0.0002466367886093	-2.3448439243002577	133.8893686932884	0.0205050367381887	0.2433	-0.0002739417374095	0.0002453674220488	-1.1164552128483602	133.23115977025407	0.2662368060859951	0.9785							-0.0006070977419751	0.0002564064063999	-2.367716745064849	134.3530255955704	0.0193241126266151	0.2494							-0.0026484263350339	0.0003174884780091	-8.34180298964421	261.9999999951735	4.2154929848569105e-15	0.0
gamma_band_power	Age0:deltaAge	1.1272104717006748e-05	1.7350262100938482e-05	0.6496792181829365	134.6109028053403	0.5170065509862032	1.0	0.0003113810282613	0.0006615193798193	0.4707058292780836	136.04270087286335	0.638604652311563	1.0	0.0004679919632019	0.0006644453171046	0.7043348055206259	135.48830701502152	0.4824331594080346	0.9999	1.2389424281495363e-05	1.736845486426847e-05	0.7133291002749877	132.74037833972375	0.4768943671130294	0.9998	1.1272104717006748e-05	1.7350262100938482e-05	0.6496792181829365	134.6109028053403	0.5170065509862032	1.0	9.094191036157264e-06	1.7425254382867862e-05	0.521897175004715	135.68904640708655	0.6025928313905182	1.0							4.704989426631991e-06	1.8065554567402875e-05	0.260439800454373	135.68646732252938	0.7949193654927943	1.0							1.6724269916849144e-05	2.2342447462880544e-05	0.7485424300374716	261.999999993911	0.4548044791813284	0.9995
gamma_peak_freq	Age0	-0.0035516005314357	0.0063051528449465	-0.5632853982726659	131.68491417304168	0.5741984371453066	1.0	-0.0035516005314357	0.0063051528449465	-0.5632853982726659	131.68491417304168	0.5741984371453066	1.0	-0.0035516005314357	0.0063051528449465	-0.5632853982726659	131.68491417304168	0.5741984371453066	1.0	-0.0030027948149417	0.0066351083625469	-0.4525615334169222	126.8639354836914	0.6516374548714363	1.0	-0.0035516005314357	0.0063051528449465	-0.5632853982726659	131.68491417304168	0.5741984371453066	0.9999	-0.0054910221774288	0.0069127619453397	-0.7943311545873019	133.24803911429717	0.428415107476632	0.9985							-0.0093669854861388	0.0070407835291485	-1.33038964305037	131.935352171597	0.1856849089888347	0.9034							0.0054697669992862	0.0019234535847492	2.843721856693136	261.9999999990379	0.0048105529642442	0.0571
gamma_peak_freq	deltaAge	0.0473914367010624	0.0147150016813757	3.220620542710788	135.97973132805063	0.0016003288075224	0.0255	0.0473914367010624	0.0147150016813757	3.220620542710788	135.97973132805063	0.0016003288075224	0.0256	0.0473914367010624	0.0147150016813757	3.220620542710788	135.97973132805063	0.0016003288075224	0.0256	0.0412841008823813	0.015523756826703	2.6594142992092498	145.0408952447655	0.0087078373041166	0.1243	0.0473914367010624	0.0147150016813757	3.220620542710788	135.97973132805063	0.0016003288075224	0.0237	0.0410965522108192	0.015213723133095	2.7012817211994737	135.11085510905409	0.0077924468355458	0.1144							0.0544201452366467	0.0160150900985753	3.3980542664251283	135.6869743338543	0.0008910960668923	0.0156							0.0449639464438697	0.0051421408933366	8.744207398544017	261.9999999997436	2.765372600787906e-16	0.0
gamma_peak_freq	Age0:deltaAge	0.0013830717028527	0.0010345199221831	1.336921284158642	137.23829455394014	0.1834602513436851	0.9197	0.0013830717028527	0.0010345199221831	1.336921284158642	137.23829455394014	0.1834602513436851	0.9214	0.0013830717028527	0.0010345199221831	1.336921284158642	137.23829455394014	0.1834602513436851	0.9214	0.0013729244201961	0.0010073639706546	1.362888151840467	129.1193141232422	0.1752899006546242	0.9092	0.0013830717028527	0.0010345199221831	1.336921284158642	137.23829455394014	0.1834602513436851	0.9041	0.0018633436500709	0.0010791471250884	1.7266817533506398	138.0356307572619	0.0864619925032107	0.6967							0.002713563696192	0.0011275795160519	2.406538658748577	137.43269013492915	0.0174335232287977	0.2308							-9.644654570379712e-05	0.0003618651406707	-0.2665262133982535	261.9999999994443	0.7900436157525652	1.0
low_alpha_band_power	Age0	0.0013170163002738	0.0017519086256444	0.7517608401462035	131.10256799940217	0.4535423605994755	0.9994	0.0040159537617787	0.0056608371066459	0.7094275433334628	124.03585480942822	0.4793906413218204	0.9997	0.0051070358410576	0.0057573070866535	0.8870528815280152	133.7356016238638	0.3766428733823387	0.9966	0.0013725408764783	0.0016928140863989	0.8108042622673088	129.86761147186388	0.4189614797621437	0.9992	0.0013170163002738	0.0017519086256444	0.7517608401462035	131.10256799940217	0.4535423605994755	0.9988	0.0013435541559953	0.00174287895639	0.7708820805193725	131.104877182939	0.442163863808734	0.9992							0.0011611440558699	0.0017243604816019	0.6733766334004944	131.1028309701225	0.5018930594340838	0.9997							-7.494039219538145e-05	0.0001978281234068	-0.378815665360574	131.64848731132847	0.7054349940972546	1.0
low_alpha_band_power	deltaAge	-0.0022209440483256	0.0013243779697582	-1.6769714530445845	131.4873791447613	0.0959238905679121	0.7312	-0.0078825049966931	0.0044432961750242	-1.7740219616690371	124.78729050080656	0.0784984111052892	0.6603	-0.0072285411404896	0.0043244651237522	-1.671545713430933	130.93526470246275	0.0970022215485441	0.7361	-0.0023310304189928	0.0014975524741285	-1.556560093394601	132.19985968226436	0.1219657306148575	0.8035	-0.0022209440483256	0.0013243779697582	-1.6769714530445845	131.4873791447613	0.0959238905679121	0.7024	-0.0020633137428117	0.0013325798180043	-1.548360342048144	131.49851595202426	0.1239389231337396	0.8157							-0.0025661285300924	0.0012989198479745	-1.9755865106641437	131.4849127053205	0.0502956620023728	0.5104							0.0014553876803136	0.0003884427144067	3.746724101998657	134.24259186697537	0.0002650950419207	0.0042
low_alpha_band_power	Age0:deltaAge	-0.0002381379055488	9.362993684722864e-05	-2.5433949179886777	131.6969363418339	0.0121340998950034	0.1663	-0.0008143557809869	0.0003128549045549	-2.602982306272276	124.53180210858326	0.0103636175092249	0.1434	-0.0007784646983595	0.0003057239138597	-2.546299661454162	131.1295859986336	0.0120434627215806	0.164	-0.0002360901057974	9.351836561418432e-05	-2.5245319916240896	127.6190257886958	0.0128110990287567	0.1742	-0.0002381379055488	9.362993684722864e-05	-2.5433949179886777	131.6969363418339	0.0121340998950034	0.1536	-0.0002460096708192	9.420892288379477e-05	-2.6113202793192043	131.712894806211	0.0100655443116338	0.1406							-0.0001798758422233	9.183037654651084e-05	-1.958783672549275	131.69297882477142	0.0522512480142492	0.5171							2.111693747618536e-06	2.7398848109448936e-05	0.0770723549830653	135.67833908283447	0.938679524042788	1.0
low_alpha_peak_freq	Age0	-0.0054761099824525	0.0019555279578733	-2.80032303317604	131.3824991070407	0.0058761177577839	0.0694	-0.0054761099824525	0.0019555279578733	-2.80032303317604	131.3824991070407	0.0058761177577839	0.0688	-0.0054761099824525	0.0019555279578733	-2.80032303317604	131.3824991070407	0.0058761177577839	0.0705	-0.0049702021170737	0.0019941324391672	-2.492413251724296	131.00927553850096	0.0139354005447106	0.1564	-0.0054761099824525	0.0019555279578733	-2.80032303317604	131.3824991070407	0.0058761177577839	0.0641	-0.0052106406651853	0.0019616951471837	-2.656192871081796	131.377480751896	0.0088817932153671	0.1071							-0.0061137322636309	0.0019113749549959	-3.198604359469591	131.39676910029365	0.0017308403294704	0.0217							0.0003068217364395	0.0008761864308597	0.3501785985643086	132.05294498887147	0.7267625867058694	1.0
low_alpha_peak_freq	deltaAge	-0.0040770749518119	0.0029222185957477	-1.3951984830103754	132.88569976003262	0.1652833737139369	0.8939	-0.0040770749518119	0.0029222185957477	-1.3951984830103754	132.88569976003262	0.1652833737139369	0.8965	-0.0040770749518119	0.0029222185957477	-1.3951984830103754	132.88569976003262	0.1652833737139369	0.8919	-0.0033371726939071	0.0032757879762747	-1.0187389165834395	141.74554948626022	0.3100625842485775	0.9911	-0.0040770749518119	0.0029222185957477	-1.3951984830103754	132.88569976003262	0.1652833737139369	0.878	-0.0038353454495356	0.0029382986536007	-1.3052946285210558	132.88772703883646	0.1940480535299786	0.9344							-0.0040472308074294	0.002838428679157	-1.42587017850716	132.88128704436488	0.1562507975763354	0.8803							0.0036287359763166	0.0021762095368388	1.667457069224903	136.19919729432718	0.0977212898570758	0.727
low_alpha_peak_freq	Age0:deltaAge	-0.0003703660126521	0.000206353198484	-1.7948159532925758	133.7111479175473	0.0749420939796664	0.6438	-0.0003703660126521	0.000206353198484	-1.7948159532925758	133.7111479175473	0.0749420939796664	0.6457	-0.0003703660126521	0.000206353198484	-1.7948159532925758	133.7111479175473	0.0749420939796664	0.6459	-0.0003821050654843	0.0002085332033876	-1.8323464046824929	129.91938607374195	0.069189799670715	0.6122	-0.0003703660126521	0.000206353198484	-1.7948159532925758	133.7111479175473	0.0749420939796664	0.6151	-0.0003435003287628	0.0002074871764091	-1.6555255833526237	133.71708768882695	0.100163009345847	0.7474							-0.0001951609934555	0.0002004402443674	-0.9736617218333616	133.6963625759932	0.331982869268798	0.9925							0.0001547858237372	0.0001532504112597	1.0100189778607542	138.5188699610248	0.3142472448185262	0.9883
high_alpha_band_power	Age0	-0.0035014045874427	0.001282244935974	-2.730683108358644	131.12558137895604	0.0071901152643701	0.084	-0.0165887926485347	0.0054752783762462	-3.0297624172869297	133.4573947829934	0.0029396943489688	0.0338	-0.0147080961238068	0.0054939950290656	-2.677122211795717	131.5444505242025	0.0083716268848258	0.1005	-0.0029887944990387	0.0012673904868109	-2.358227026430796	130.71353051039242	0.0198451560681453	0.2135	-0.0035014045874427	0.001282244935974	-2.730683108358644	131.12558137895604	0.0071901152643701	0.0777	-0.0035557368943181	0.0012712925605351	-2.7969461984591617	131.12846472188426	0.0059358858166639	0.0708							-0.0034726801021325	0.0012625042441947	-2.750628457766025	131.1201027225773	0.0067894044783273	0.0794							-0.000181329691114	0.0001845152402801	-0.9827355769570094	131.7782199578032	0.3275384373707963	0.9881
high_alpha_band_power	deltaAge	-0.0057222193703648	0.0011476065079584	-4.986220739149166	131.6649504228944	1.904499099090734e-06	0.0	-0.0256779468139216	0.0048692235781417	-5.273519772062132	131.695073790325	5.340037676791956e-07	0.0	-0.0241948964465796	0.0049632173384785	-4.87484121620124	130.63079246183324	3.1039857443000515e-06	0.0	-0.0076282913549886	0.0012344540091319	-6.179486071216717	133.90032195036943	7.225609789236569e-09	0.0	-0.0057222193703648	0.0011476065079584	-4.986220739149166	131.6649504228944	1.904499099090734e-06	0.0	-0.0050704363821571	0.0011379070049756	-4.455932128008671	131.66793136722598	1.7679007763358845e-05	0.0002							-0.0056625589157793	0.0011135847190201	-5.084982596350658	131.64396541457413	1.2364329203719651e-06	0.0							0.0022800799029774	0.0003906926143056	5.835994384049301	134.7940476434285	3.7860787388481946e-08	0.0
high_alpha_band_power	Age0:deltaAge	-5.442691227486059e-06	8.11196693334936e-05	-0.0670945933607106	131.95901380820538	0.946607949248044	1.0	-0.0001661031494618	0.0003469931296601	-0.4786929056046536	133.07660984355655	0.632942677872683	1.0	-7.911365022810932e-06	0.000349949492093	-0.0226071624664842	130.6834730567131	0.9819981128018692	1.0	-1.5108675819034712e-05	7.723460919200875e-05	-0.1956205382158904	128.4824678911836	0.8452162215804642	1.0	-5.442691227486059e-06	8.11196693334936e-05	-0.0670945933607106	131.95901380820538	0.946607949248044	1.0	4.653525900105423e-06	8.043404250474023e-05	0.0578551786680518	131.96204804811757	0.9539515002808756	1.0							-4.237647705656247e-05	7.871607191282091e-05	-0.5383459314826453	131.92954579269187	0.5912453635913986	1.0							-3.1880431259856608e-06	2.7545424455184028e-05	-0.1157376656574146	136.4681707134065	0.908030586840789	1.0
high_alpha_peak_freq	Age0	0.0042637157717111	0.0017052327194491	2.5003717809780337	131.27247757528784	0.0136378953014462	0.1572	0.0042637157717111	0.0017052327194491	2.5003717809780337	131.27247757528784	0.0136378953014462	0.1568	0.0042637157717111	0.0017052327194491	2.5003717809780337	131.27247757528784	0.0136378953014462	0.1577	0.0043959700089168	0.0017501797695831	2.5117248441077438	131.15802214305063	0.0132278588850702	0.1495	0.0042637157717111	0.0017052327194491	2.5003717809780337	131.27247757528784	0.0136378953014462	0.1457	0.0044083500245369	0.0017157986130022	2.569270071167211	131.27104315661924	0.0113086887613957	0.1333							0.0041978251872844	0.0016786581419819	2.5007028425264326	131.28690674191338	0.0136256095145445	0.1556							9.269200386392747e-05	0.000943722851369	0.0982195182933811	261.9999999980795	0.9218330843547567	1.0
high_alpha_peak_freq	deltaAge	0.002319102183359	0.0022733917873238	1.0201066953307931	132.4690728307344	0.30953726487845	0.989	0.002319102183359	0.0022733917873238	1.0201066953307931	132.4690728307344	0.30953726487845	0.9902	0.002319102183359	0.0022733917873238	1.0201066953307931	132.4690728307344	0.30953726487845	0.9898	0.0034429287370308	0.0024797129020942	1.3884384495169189	139.22610825739403	0.1672210019158764	0.9004	0.002319102183359	0.0022733917873238	1.0201066953307931	132.4690728307344	0.30953726487845	0.9838	0.0014554130013668	0.0022595602807056	0.6441133763036198	132.4386176315783	0.5206158748458843	1.0							0.0019347285326317	0.0023086334980737	0.838040569993442	132.5602375584847	0.4035164272780849	0.9984							0.0037019940460215	0.0025229388972407	1.4673340087904154	261.99999999801594	0.143484579791926	0.8569
high_alpha_peak_freq	Age0:deltaAge	9.882174825175708e-05	0.000160587289117	0.6153771496802614	133.12467481327045	0.539356259031755	1.0	9.882174825175708e-05	0.000160587289117	0.6153771496802614	133.12467481327045	0.539356259031755	1.0	9.882174825175708e-05	0.000160587289117	0.6153771496802614	133.12467481327045	0.539356259031755	1.0	0.000125425832066	0.0001568653823625	0.7995762364968401	129.44953484919986	0.4254211272319176	0.9991	9.882174825175708e-05	0.000160587289117	0.6153771496802614	133.12467481327045	0.539356259031755	1.0	0.0001365513757383	0.0001596150739545	0.8555042600626891	133.0781819161384	0.3938097077293061	0.9978							6.58730473411321e-05	0.0001630636846441	0.4039712918598982	133.25827858920525	0.686881392835532	1.0							5.649957496135984e-05	0.0001775454344583	0.3182260086479502	261.9999999988843	0.7505670136782048	1.0
low_beta_band_power	Age0	0.0017730469807795	0.0008029017762434	2.208298739947	131.06036392310145	0.0289619915342128	0.2987	0.0125991809873389	0.005682535954595	2.217175762372602	129.188704448366	0.0283596854900338	0.2937	0.0114793763133481	0.0057523817447962	1.9955866669893172	130.2502979553641	0.048065108889665	0.4415	0.0019451494808908	0.0008019491052693	2.4255273409619806	129.99522081311358	0.0166591302859829	0.1826	0.0017730469807795	0.0008029017762434	2.208298739947	131.06036392310145	0.0289619915342128	0.2769	0.0017879074974164	0.0007960487230121	2.245977470639162	131.06224593230473	0.0263794785451452	0.2773	-0.0020956284563287	0.0010210941407442	-2.0523361879259805	121.40564863273949	0.0422866450732835	0.2784	0.0016490805286902	0.0007955861700607	2.0727868215259178	131.0572491768225	0.0401515727270917	0.386							-4.602443057401227e-05	0.0002082459320646	-0.2210099862105277	131.84885429521975	0.8254265500645791	1.0
low_beta_band_power	deltaAge	-0.0019085360090558	0.0005927739959087	-3.219668916363368	131.42739408643914	0.0016171634163608	0.0256	-0.0131739631990765	0.0042480709884579	-3.101163618703723	130.12658627361336	0.0023639079815664	0.0389	-0.0153763590992926	0.0041320648286834	-3.7212289101939535	129.8658630029768	0.0002940774530277	0.0044	-0.0023230332762844	0.0006606113194599	-3.516490268716003	131.77939993676972	0.0006003085926986	0.0089	-0.0019085360090558	0.0005927739959087	-3.219668916363368	131.42739408643914	0.0016171634163608	0.0237	-0.0017332715998931	0.0005933252847962	-2.921283896553449	131.43631692785334	0.0041043491026683	0.0624	-0.0031445095513963	0.0013544606856695	-2.32159529225602	100.86946632126347	0.0222658617073867	0.1923	-0.0019320272169276	0.000572575685074	-3.3742739471690766	131.40602236271556	0.0009731093830041	0.0171							0.0028037522435738	0.0004777951180364	5.868105674867444	135.38872861943847	3.2214493734660046e-08	0.0
low_beta_band_power	Age0:deltaAge	-0.0001346658156072	4.19082893653068e-05	-3.213345561146524	131.62724167539324	0.0016499633699983	0.0219	-0.0009335324097647	0.0002980200350999	-3.1324484927718688	129.36664985681074	0.0021443740200558	0.0298	-0.0010195059530814	0.0002875899336359	-3.5449987424521123	129.03975831540845	0.0005476204251578	0.0077	-0.0001402133663458	4.120364691586711e-05	-3.402935828280304	127.7469521875898	0.00089078272967	0.0126	-0.0001346658156072	4.19082893653068e-05	-3.213345561146524	131.62724167539324	0.0016499633699983	0.0202	-0.0001395772175952	4.194695845043517e-05	-3.327469326773267	131.6400091919393	0.0011364195315873	0.016	-0.0002859879537167	9.60922703153472e-05	-2.9761806311605907	102.43012199876505	0.0036417605762134	0.0343	-0.0001505424103862	4.048106356739557e-05	-3.718835354599158	131.5959018197306	0.0002951706731016	0.0038							-4.452460162236829e-06	3.366807341720706e-05	-0.132245766101997	137.36097507031468	0.8949834232710172	1.0
low_beta_peak_freq	Age0	-0.0016604583555236	0.0057137324612274	-0.2906083487092372	131.2126536131374	0.771809690917196	1.0	-0.0016604583555236	0.0057137324612274	-0.2906083487092372	131.2126536131374	0.771809690917196	1.0	-0.0016604583555236	0.0057137324612274	-0.2906083487092372	131.2126536131374	0.771809690917196	1.0	-0.0019682207371358	0.0056683578932841	-0.347229440023145	129.84509541034868	0.7289811209081665	1.0	-0.0016604583555236	0.0057137324612274	-0.2906083487092372	131.2126536131374	0.771809690917196	1.0	-0.0028908611283908	0.0057968712813846	-0.4986933447486003	131.19698260297423	0.6188305132766572	1.0	-0.0021546419187707	0.0102764951729728	-0.2096670005195402	117.29878484298725	0.834291306816806	1.0	-0.0018175127431785	0.0054855020239076	-0.3313302474882363	131.20898346100583	0.7409236388858271	1.0							0.0004545956060672	0.0022074833689362	0.2059338758625693	131.92900597239642	0.8371600083888915	1.0
low_beta_peak_freq	deltaAge	-0.0175192298018782	0.0068043253692672	-2.574719586603895	132.1674877421367	0.0111329951401106	0.1556	-0.0175192298018782	0.0068043253692672	-2.574719586603895	132.1674877421367	0.0111329951401106	0.1574	-0.0175192298018782	0.0068043253692672	-2.574719586603895	132.1674877421367	0.0111329951401106	0.1551	-0.010374191187699	0.0076611000824384	-1.3541385801080843	137.15675496937257	0.1779190356819683	0.9162	-0.0175192298018782	0.0068043253692672	-2.574719586603895	132.1674877421367	0.0111329951401106	0.1433	-0.0138695036132133	0.0067847601895458	-2.0442142722426264	132.119292611132	0.0429190524127085	0.4493	-0.0603326906467565	0.0253969770926734	-2.375585504786765	115.61709919475696	0.0191658704673581	0.1717	-0.0182025811465475	0.0065437759692376	-2.7816632525499245	132.16710104187752	0.0061995613913767	0.094							-0.0536432553881727	0.0055865957674118	-9.602136546389888	136.23344834656595	5.442383334034897e-17	0.0
low_beta_peak_freq	Age0:deltaAge	-0.0011059497091583	0.0004807629516654	-2.3004054395771165	132.68969066436753	0.0229853357817221	0.2839	-0.0011059497091583	0.0004807629516654	-2.3004054395771165	132.68969066436753	0.0229853357817221	0.2836	-0.0011059497091583	0.0004807629516654	-2.3004054395771165	132.68969066436753	0.0229853357817221	0.2825	-0.0011708538041684	0.0004837853994095	-2.4201925184129243	128.00493720794287	0.0169163777560214	0.2229	-0.0011059497091583	0.0004807629516654	-2.3004054395771165	132.68969066436753	0.0229853357817221	0.2645	-0.0011803998247914	0.0004793967449655	-2.462260825062821	132.62359329551336	0.015089290852533	0.2039	-1.4441353404028006e-05	0.0017879274194017	-0.008077147454263	119.0649833175161	0.9935689566623092	1.0	-0.0008753898081414	0.0004623521270253	-1.8933400691232816	132.691115925195	0.0604901103198755	0.5667							0.0003748342543149	0.0003933474358606	0.9529342767795422	138.6443473660526	0.3422817807314613	0.9933
high_beta_band_power	Age0	0.0005000945997779	0.0005941968281163	0.8416312173244549	131.12106543375964	0.401526771648324	0.9978	0.0045076427714897	0.0055653417506179	0.8099489615330929	130.22505111405908	0.4194470678609525	0.9987	0.0057496489384168	0.0055013331259926	1.045137388835985	132.33407483624111	0.2978648079797941	0.9842	0.0007380129029813	0.0005854410731165	1.2606100543178018	130.23986952151634	0.2097031125293426	0.933							0.0005968521119268	0.0005800112858418	1.029035342063295	131.217468837127	0.3053561616112334	0.9887	-0.0021058665124954	0.0008732472952925	-2.411535110211777	123.34830742178664	0.0173593625317754	0.128	0.0003654568164489	0.0005859231807372	0.6237282095395993	131.12419194254767	0.5338896361479786	0.9998							0.0002298108019917	0.0001890395369071	1.215675862053576	131.33866399199886	0.2262890303376173	0.9416
high_beta_band_power	deltaAge	-0.0035342507298064	0.0004940400892084	-7.153773159317649	131.5865521649527	5.2813659572322416e-11	0.0	-0.0337144326478546	0.0057735271996994	-5.839486241549141	157.35300746190333	2.9075638959988026e-08	0.0	-0.029593076917356	0.0049846576143988	-5.9368324179122585	139.60531757004514	2.191264196022677e-08	0.0	-0.0037366893757082	0.0005617290055362	-6.652121109788625	133.2844896512898	6.822507428334245e-10	0.0							0.001282136940559	0.0006360753277019	2.015699846732458	132.02721566630018	0.0458609948075192	0.4682	-0.0026742168062599	0.0011963531382524	-2.2353072188753456	103.1192319569886	0.027553169678359	0.2327	-0.0035960122893097	0.0004934424059343	-7.287602861170025	131.6017566336719	2.6092063391098583e-11	0.0							-0.0069254774343346	0.0004894587910758	-14.149255382894136	135.84439241106966	1.6877826826243963e-28	0.0
high_beta_band_power	Age0:deltaAge	-0.0002339058526946	3.492437473639705e-05	-6.697495787974423	131.84019586267945	5.571544665812825e-10	0.0	-0.0021913776585789	0.0003316009370273	-6.608478486894134	130.30066337666238	9.033685943545427e-10	0.0	-0.0020613517846007	0.0003332358431589	-6.185864536839386	132.55772661201752	7.1492747044763565e-09	0.0	-0.0002376469332075	3.513389978209648e-05	-6.764035153553511	128.0042450646355	4.30735752298882e-10	0.0							-0.0002063372932318	4.494898324276451e-05	-4.590477433436218	132.46959611978087	1.0152036287246264e-05	0.0002	-0.0002859118279818	8.44187989920932e-05	-3.3868265291082	103.8147076064991	0.0009996566815389	0.01	-0.0002373319435794	3.488168664287078e-05	-6.80391249452361	131.86200654131994	3.229275335826978e-10	0.0							-7.724670149609582e-05	3.445513956630307e-05	-2.241950039048533	138.37210465322562	0.0265560181880827	0.2946
high_beta_peak_freq	Age0	-0.0108569787394285	0.0054638854111486	-1.9870436369832496	131.1652267714478	0.0490010211900108	0.4486	-0.0108569787394285	0.0054638854111486	-1.9870436369832496	131.1652267714478	0.0490010211900108	0.4465	-0.0108569787394285	0.0054638854111486	-1.9870436369832496	131.1652267714478	0.0490010211900108	0.4489	-0.012105115008263	0.0055506166809612	-2.180859479953628	131.07745895713168	0.0309784284413819	0.3132							-0.0093564542702707	0.0045937047543097	-2.0367992221294857	131.24090133451227	0.0436812029502443	0.4054	-0.0036952589603814	0.0092436504200766	-0.3997618681420029	116.9437803120529	0.6900611329051942	1.0	-0.0101092646696871	0.0052664809265201	-1.9195483304193568	131.16738668561865	0.0570865417473171	0.4985							0.0013467297777651	0.0024331473252631	0.5534929035254518	130.45938266546815	0.5808732846155402	1.0
high_beta_peak_freq	deltaAge	-0.0172753624737947	0.0052154760435634	-3.3123270684206707	131.77871772274509	0.0011943882458961	0.0195	-0.0172753624737947	0.0052154760435634	-3.3123270684206707	131.77871772274509	0.0011943882458961	0.0191	-0.0172753624737947	0.0052154760435634	-3.3123270684206707	131.77871772274509	0.0011943882458961	0.0195	-0.0173634379266916	0.005914992528199	-2.935496172465731	135.19732584200736	0.003914663162316	0.0582							-0.0327703119630615	0.0053759749137872	-6.095696592448529	132.16301010627174	1.1186666571729566e-08	0.0001	-0.0196578358031625	0.0220497554951745	-0.8915217135838353	115.1898374114974	0.3745078243404449	0.9783	-0.0158161163917514	0.0050632912501133	-3.1236829189704056	131.78975495005156	0.0021964696072469	0.0347							-0.0222397382590599	0.0064610628355239	-3.442117624484679	135.19887119059103	0.0007684817932018	0.0112
high_beta_peak_freq	Age0:deltaAge	9.726673051365915e-05	0.0003686325856543	0.2638582000042566	132.1133876195073	0.7923003158029263	1.0	9.726673051365915e-05	0.0003686325856543	0.2638582000042566	132.1133876195073	0.7923003158029263	1.0	9.726673051365915e-05	0.0003686325856543	0.2638582000042566	132.1133876195073	0.7923003158029263	1.0	9.658153255353257e-05	0.0003708452829443	0.2604361899569383	128.8901298611046	0.7949429412019956	1.0							0.0002271672791664	0.0003798550476513	0.5980367526273536	132.66719805404824	0.5508349611032515	1.0	7.970998846628025e-05	0.0015505753494412	0.0514067171872723	117.14617766014084	0.959088986058422	1.0	8.664116275806733e-05	0.0003578727884655	0.2421004489599936	132.12929019937422	0.8090776947331598	1.0							0.0001972843553399	0.0004547114777184	0.4338671113600476	137.86299803849545	0.6650631373740609	1.0
